t,stateVector_0,stateVector_1,stateVector_2,stateVector_3,stateVector_4,stateVector_5,stateVector_6,stateVector_7,stateVector_8,stateVector_9,stateVector_10,stateVector_11,stateVector_12,stateVector_13,stateVector_14,stateVector_15,stateVector_16,stateVector_17,stateVector_18,stateVector_19,stateVector_20,stateVector_21,V1,V2,V3,V4
0,1,1.00005,1.49962,0,0.01,-0.0765177,1,0,0,0,1,0,0,0,1,0,0,0,2,2,2,2,0.05
0.01,1,1.0002,1.49847,0,0.02,-0.153034,1,0,0,0,1,0,0,0,1,0,0,0,4,4,4,4,0.05
0.02,1,1.00045,1.49656,0,0.03,-0.229546,1,0,0,0,1,0,0,0,1,0,0,0,6,6,6,6,0.05
0.03,1,1.0008,1.49388,0,0.0399999,-0.306052,1,0,0,0,1,0,0,0,1,0,0,0,8,8,8,8,0.05
0.04,1,1.00125,1.49044,0,0.0499998,-0.382552,1,0,0,0,1,0,0,0,1,0,0,0,10,10,10,10,0.05
0.05,1,1.0018,1.48623,0,0.0599996,-0.459041,1,0,0,0,1,0,0,0,1,0,0,0,12,12,12,12,0.05
0.06,1,1.00245,1.48125,0,0.0699993,-0.535519,1,0,0,0,1,0,0,0,1,0,0,0,14,14,14,14,0.05
0.07,1,1.0032,1.47552,0,0.0799989,-0.611983,1,0,0,0,1,0,0,0,1,0,0,0,16,16,16,16,0.05
0.08,1,1.00405,1.46902,0,0.0899982,-0.688432,1,0,0,0,1,0,0,0,1,0,0,0,18,18,18,18,0.05
0.09,1,1.005,1.46175,0,0.0999973,-0.764862,1,0,0,0,1,0,0,0,1,0,0,0,20,20,20,20,0.05
0.1,1,1.00605,1.45372,0,0.109996,-0.841272,1,0,0,0,1,0,0,0,1,0,0,0,22,22,22,22,0.05
0.11,1,1.0072,1.44492,0,0.119994,-0.91766,1,0,0,0,1,0,0,0,1,0,0,0,24,24,24,24,0.05
0.12,1,1.00845,1.43537,0,0.129992,-0.994022,1,0,0,0,1,0,0,0,1,0,0,0,26,26,26,26,0.05
0.13,1,1.0098,1.42504,0,0.13999,-1.07036,1,0,0,0,1,0,0,0,1,0,0,0,28,28,28,28,0.05
0.14,1,1.01125,1.41396,0,0.149986,-1.14666,1,0,0,0,1,0,0,0,1,0,0,0,30,30,30,30,0.05
0.15,1,1.0128,1.40211,0,0.159982,-1.22294,1,0,0,0,1,0,0,0,1,0,0,0,32,32,32,32,0.05
0.16,1,1.01445,1.3895,0,0.169977,-1.29917,1,0,0,0,1,0,0,0,1,0,0,0,34,34,34,34,0.05
0.17,1,1.0162,1.37613,0,0.179972,-1.37537,1,0,0,0,1,0,0,0,1,0,0,0,36,36,36,36,0.05
0.18,1,1.01805,1.36199,0,0.189965,-1.45153,1,0,0,0,1,0,0,0,1,0,0,0,38,38,38,38,0.05
0.19,1,1.02,1.3471,0,0.199957,-1.52765,1,0,0,0,1,0,0,0,1,0,0,0,40,40,40,40,0.05
0.2,1,1.02205,1.33144,0,0.209947,-1.60372,1,0,0,0,1,0,0,0,1,0,0,0,42,42,42,42,0.05
0.21,1,1.0242,1.31502,0,0.219937,-1.67975,1,0,0,0,1,0,0,0,1,0,0,0,44,44,44,44,0.05
0.22,1,1.02645,1.29784,0,0.229924,-1.75572,1,0,0,0,1,0,0,0,1,0,0,0,46,46,46,46,0.05
0.23,1,1.0288,1.27991,0,0.23991,-1.83164,1,0,0,0,1,0,0,0,1,0,0,0,48,48,48,48,0.05
0.24,1,1.03124,1.26121,0,0.249894,-1.9075,1,0,0,0,1,0,0,0,1,0,0,0,50,50,50,50,0.05
0.25,1,1.03379,1.24176,0,0.259877,-1.9833,1,0,0,0,1,0,0,0,1,0,0,0,52,52,52,52,0.05
0.26,1,1.03644,1.22155,0,0.269857,-2.05904,1,0,0,0,1,0,0,0,1,0,0,0,54,54,54,54,0.05
0.27,1,1.03919,1.20058,0,0.279834,-2.13471,1,0,0,0,1,0,0,0,1,0,0,0,56,56,56,56,0.05
0.28,1,1.04204,1.17885,0,0.289809,-2.21032,1,0,0,0,1,0,0,0,1,0,0,0,58,58,58,58,0.05
0.29,1,1.04499,1.15637,0,0.299782,-2.28585,1,0,0,0,1,0,0,0,1,0,0,0,60,60,60,60,0.05
0.3,1,1.04803,1.13314,0,0.309751,-2.36131,1,0,0,0,1,0,0,0,1,0,0,0,62,62,62,62,0.05
0.31,1,1.05118,1.10915,0,0.319717,-2.43668,1,0,0,0,1,0,0,0,1,0,0,0,64,64,64,64,0.05
0.32,1,1.05443,1.0844,0,0.329681,-2.51198,1,0,0,0,1,0,0,0,1,0,0,0,66,66,66,66,0.05
0.33,1,1.05778,1.05891,0,0.33964,-2.58719,1,0,0,0,1,0,0,0,1,0,0,0,68,68,68,68,0.05
0.34,1,1.06122,1.03266,0,0.349596,-2.66231,1,0,0,0,1,0,0,0,1,0,0,0,70,70,70,70,0.05
0.35,1,1.06477,1.00566,0,0.359548,-2.73734,1,0,0,0,1,0,0,0,1,0,0,0,72,72,72,72,0.05
0.36,1,1.06841,0.977912,0,0.369496,-2.81227,1,0,0,0,1,0,0,0,1,0,0,0,74,74,74,74,0.05
0.37,1,1.07216,0.949415,0,0.37944,-2.88711,1,0,0,0,1,0,0,0,1,0,0,0,76,76,76,76,0.05
0.38,1,1.076,0.92017,0,0.389379,-2.96184,1,0,0,0,1,0,0,0,1,0,0,0,78,78,78,78,0.05
0.39,1,1.07994,0.890178,0,0.399313,-3.03647,1,0,0,0,1,0,0,0,1,0,0,0,80,80,80,80,0.05
0.4,1,1.08399,0.859441,0,0.409243,-3.11099,1,0,0,0,1,0,0,0,1,0,0,0,82,82,82,82,0.05
0.41,1,1.08813,0.827959,0,0.419166,-3.18539,1,0,0,0,1,0,0,0,1,0,0,0,84,84,84,84,0.05
0.42,1,1.09237,0.795734,0,0.429085,-3.25968,1,0,0,0,1,0,0,0,1,0,0,0,86,86,86,86,0.05
0.43,1,1.09671,0.762766,0,0.438997,-3.33385,1,0,0,0,1,0,0,0,1,0,0,0,88,88,88,88,0.05
0.44,1,1.10115,0.729057,0,0.448904,-3.40789,1,0,0,0,1,0,0,0,1,0,0,0,90,90,90,90,0.05
0.45,1,1.10569,0.694609,0,0.458804,-3.4818,1,0,0,0,1,0,0,0,1,0,0,0,92,92,92,92,0.05
0.46,1,1.11033,0.659421,0,0.468698,-3.55559,1,0,0,0,1,0,0,0,1,0,0,0,94,94,94,94,0.05
0.47,1,1.11506,0.623497,0,0.478584,-3.62923,1,0,0,0,1,0,0,0,1,0,0,0,96,96,96,96,0.05
0.48,1,1.1199,0.586837,0,0.488464,-3.70274,1,0,0,0,1,0,0,0,1,0,0,0,98,98,98,98,0.05
0.49,1,1.12483,0.549443,0,0.498336,-3.7761,1,0,0,0,1,0,0,0,1,0,0,0,100,100,100,100,0.05
0.5,1,1.12987,0.511316,0,0.5082,-3.84932,1,0,0,0,1,0,0,0,1,0,0,0,102,102,102,102,0.05
0.51,1,1.135,0.472457,0,0.518057,-3.92239,1,0,0,0,1,0,0,0,1,0,0,0,104,104,104,104,0.05
0.52,1,1.14023,0.432868,0,0.527905,-3.9953,1,0,0,0,1,0,0,0,1,0,0,0,106,106,106,106,0.05
0.53,1,1.14555,0.392552,0,0.537744,-4.06805,1,0,0,0,1,0,0,0,1,0,0,0,108,108,108,108,0.05
0.54,1,1.15098,0.351508,0,0.547575,-4.14064,1,0,0,0,1,0,0,0,1,0,0,0,110,110,110,110,0.05
0.55,1,1.15651,0.309739,0,0.557396,-4.21306,1,0,0,0,1,0,0,0,1,0,0,0,112,112,112,112,0.05
0.56,1,1.16213,0.267247,0,0.567208,-4.28531,1,0,0,0,1,0,0,0,1,0,0,0,114,114,114,114,0.05
0.57,1,1.16785,0.224034,0,0.57701,-4.35738,1,0,0,0,1,0,0,0,1,0,0,0,116,116,116,116,0.05
0.58,1,1.17367,0.1801,0,0.586802,-4.42928,1,0,0,0,1,0,0,0,1,0,0,0,118,118,118,118,0.05
0.59,1,1.17959,0.135449,0,0.596583,-4.50099,1,0,0,0,1,0,0,0,1,0,0,0,120,120,120,120,0.05
0.6,1,1.1856,0.0900811,0,0.606354,-4.57251,1,0,0,0,1,0,0,0,1,0,0,0,122,122,122,122,0.05
0.61,1,1.19171,0.0439991,0,0.616113,-4.64385,1,0,0,0,1,0,0,0,1,0,0,0,124,124,124,124,0.05
0.62,1,1.19792,-0.00279517,0,0.625861,-4.71498,1,0,0,0,1,0,0,0,1,0,0,0,126,126,126,126,0.05
0.63,1,1.20423,-0.0502998,0,0.635597,-4.78592,1,0,0,0,1,0,0,0,1,0,0,0,128,128,128,128,0.05
0.64,1,1.21064,-0.0985129,0,0.645321,-4.85665,1,0,0,0,1,0,0,0,1,0,0,0,130,130,130,130,0.05
0.65,1,1.21714,-0.147432,0,0.655033,-4.92717,1,0,0,0,1,0,0,0,1,0,0,0,132,132,132,132,0.05
0.66,1,1.22374,-0.197056,0,0.664731,-4.99748,1,0,0,0,1,0,0,0,1,0,0,0,134,134,134,134,0.05
0.67,1,1.23043,-0.247381,0,0.674417,-5.06758,1,0,0,0,1,0,0,0,1,0,0,0,136,136,136,136,0.05
0.68,1,1.23722,-0.298406,0,0.684089,-5.13745,1,0,0,0,1,0,0,0,1,0,0,0,138,138,138,138,0.05
0.69,1,1.24411,-0.350129,0,0.693747,-5.2071,1,0,0,0,1,0,0,0,1,0,0,0,140,140,140,140,0.05
0.7,1,1.2511,-0.402548,0,0.703392,-5.27651,1,0,0,0,1,0,0,0,1,0,0,0,142,142,142,142,0.05
0.71,1,1.25818,-0.455659,0,0.713021,-5.3457,1,0,0,0,1,0,0,0,1,0,0,0,144,144,144,144,0.05
0.72,1,1.26536,-0.509461,0,0.722636,-5.41464,1,0,0,0,1,0,0,0,1,0,0,0,146,146,146,146,0.05
0.73,1,1.27263,-0.563951,0,0.732236,-5.48334,1,0,0,0,1,0,0,0,1,0,0,0,148,148,148,148,0.05
0.74,1,1.28,-0.619127,0,0.74182,-5.5518,1,0,0,0,1,0,0,0,1,0,0,0,150,150,150,150,0.05
0.75,1,1.28747,-0.674986,0,0.751388,-5.62001,1,0,0,0,1,0,0,0,1,0,0,0,152,152,152,152,0.05
0.76,1,1.29503,-0.731526,0,0.76094,-5.68796,1,0,0,0,1,0,0,0,1,0,0,0,154,154,154,154,0.05
0.77,1,1.30269,-0.788744,0,0.770475,-5.75565,1,0,0,0,1,0,0,0,1,0,0,0,156,156,156,156,0.05
0.78,1,1.31044,-0.846638,0,0.779993,-5.82307,1,0,0,0,1,0,0,0,1,0,0,0,158,158,158,158,0.05
0.79,1,1.31829,-0.905205,0,0.789494,-5.89023,1,0,0,0,1,0,0,0,1,0,0,0,160,160,160,160,0.05
0.8,1,1.32623,-0.964442,0,0.798977,-5.95712,1,0,0,0,1,0,0,0,1,0,0,0,162,162,162,162,0.05
0.81,1,1.33427,-1.02435,0,0.808443,-6.02373,1,0,0,0,1,0,0,0,1,0,0,0,164,164,164,164,0.05
0.82,1,1.3424,-1.08492,0,0.81789,-6.09006,1,0,0,0,1,0,0,0,1,0,0,0,166,166,166,166,0.05
0.83,1,1.35063,-1.14615,0,0.827318,-6.15611,1,0,0,0,1,0,0,0,1,0,0,0,168,168,168,168,0.05
0.84,1,1.35895,-1.20804,0,0.836727,-6.22186,1,0,0,0,1,0,0,0,1,0,0,0,170,170,170,170,0.05
0.85,1,1.36736,-1.27058,0,0.846117,-6.28733,1,0,0,0,1,0,0,0,1,0,0,0,172,172,172,172,0.05
0.86,1,1.37587,-1.33378,0,0.855486,-6.3525,1,0,0,0,1,0,0,0,1,0,0,0,174,174,174,174,0.05
0.87,1,1.38447,-1.39763,0,0.864836,-6.41736,1,0,0,0,1,0,0,0,1,0,0,0,176,176,176,176,0.05
0.88,1,1.39316,-1.46213,0,0.874166,-6.48192,1,0,0,0,1,0,0,0,1,0,0,0,178,178,178,178,0.05
0.89,1,1.40195,-1.52727,0,0.883474,-6.54617,1,0,0,0,1,0,0,0,1,0,0,0,180,180,180,180,0.05
0.9,1,1.41083,-1.59305,0,0.892762,-6.61011,1,0,0,0,1,0,0,0,1,0,0,0,182,182,182,182,0.05
0.91,1,1.41981,-1.65947,0,0.902028,-6.67373,1,0,0,0,1,0,0,0,1,0,0,0,184,184,184,184,0.05
0.92,1,1.42887,-1.72652,0,0.911272,-6.73703,1,0,0,0,1,0,0,0,1,0,0,0,186,186,186,186,0.05
0.93,1,1.43803,-1.79421,0,0.920494,-6.80001,1,0,0,0,1,0,0,0,1,0,0,0,188,188,188,188,0.05
0.94,1,1.44728,-1.86252,0,0.929693,-6.86265,1,0,0,0,1,0,0,0,1,0,0,0,190,190,190,190,0.05
0.95,1,1.45663,-1.93146,0,0.93887,-6.92497,1,0,0,0,1,0,0,0,1,0,0,0,192,192,192,192,0.05
0.96,1,1.46606,-2.00102,0,0.948023,-6.98694,1,0,0,0,1,0,0,0,1,0,0,0,194,194,194,194,0.05
0.97,1,1.47559,-2.0712,0,0.957153,-7.04858,1,0,0,0,1,0,0,0,1,0,0,0,196,196,196,196,0.05
0.98,1,1.4852,-2.14199,0,0.966259,-7.10986,1,0,0,0,1,0,0,0,1,0,0,0,198,198,198,198,0.05
0.99,1,1.49491,-2.2134,0,0.975342,-7.17081,1,0,0,0,1,0,0,0,1,0,0,0,200,200,200,200,0.05
1,1,1.50471,-2.28541,0,0.984399,-7.23139,1,0,0,0,1,0,0,0,1,0,0,0,202,202,202,202,0.05
1.01,1,1.5146,-2.35802,0,0.993432,-7.29163,1,0,0,0,1,0,0,0,1,0,0,0,204,204,204,204,0.05
1.02,1,1.52458,-2.43124,0,1.00244,-7.3515,1,0,0,0,1,0,0,0,1,0,0,0,206,206,206,206,0.05
1.03,1,1.53465,-2.50505,0,1.01142,-7.41101,1,0,0,0,1,0,0,0,1,0,0,0,208,208,208,208,0.05
1.04,1,1.54481,-2.57946,0,1.02038,-7.47015,1,0,0,0,1,0,0,0,1,0,0,0,210,210,210,210,0.05
1.05,1,1.55506,-2.65445,0,1.02931,-7.52893,1,0,0,0,1,0,0,0,1,0,0,0,212,212,212,212,0.05
1.06,1,1.56539,-2.73003,0,1.03822,-7.58733,1,0,0,0,1,0,0,0,1,0,0,0,214,214,214,214,0.05
1.07,1,1.57582,-2.8062,0,1.04709,-7.64535,1,0,0,0,1,0,0,0,1,0,0,0,216,216,216,216,0.05
1.08,1,1.58634,-2.88294,0,1.05595,-7.70299,1,0,0,0,1,0,0,0,1,0,0,0,218,218,218,218,0.05
1.09,1,1.59694,-2.96026,0,1.06477,-7.76025,1,0,0,0,1,0,0,0,1,0,0,0,220,220,220,220,0.05
1.1,1,1.60763,-3.03814,0,1.07357,-7.81711,1,0,0,0,1,0,0,0,1,0,0,0,222,222,222,222,0.05
1.11,1,1.61841,-3.1166,0,1.08234,-7.87359,1,0,0,0,1,0,0,0,1,0,0,0,224,224,224,224,0.05
1.12,1,1.62928,-3.19561,0,1.09108,-7.92968,1,0,0,0,1,0,0,0,1,0,0,0,226,226,226,226,0.05
1.13,1,1.64023,-3.27519,0,1.09979,-7.98536,1,0,0,0,1,0,0,0,1,0,0,0,228,228,228,228,0.05
1.14,1,1.65127,-3.35532,0,1.10848,-8.04065,1,0,0,0,1,0,0,0,1,0,0,0,230,230,230,230,0.05
1.15,1,1.6624,-3.436,0,1.11713,-8.09554,1,0,0,0,1,0,0,0,1,0,0,0,232,232,232,232,0.05
1.16,1,1.67362,-3.51723,0,1.12576,-8.15001,1,0,0,0,1,0,0,0,1,0,0,0,234,234,234,234,0.05
1.17,1,1.68492,-3.599,0,1.13436,-8.20408,1,0,0,0,1,0,0,0,1,0,0,0,236,236,236,236,0.05
1.18,1,1.6963,-3.68131,0,1.14293,-8.25774,1,0,0,0,1,0,0,0,1,0,0,0,238,238,238,238,0.05
1.19,1,1.70778,-3.76415,0,1.15147,-8.31098,1,0,0,0,1,0,0,0,1,0,0,0,240,240,240,240,0.05
1.2,1,1.71933,-3.84753,0,1.15998,-8.3638,1,0,0,0,1,0,0,0,1,0,0,0,242,242,242,242,0.05
1.21,1,1.73098,-3.93143,0,1.16846,-8.4162,1,0,0,0,1,0,0,0,1,0,0,0,244,244,244,244,0.05
1.22,1,1.7427,-4.01585,0,1.17691,-8.46818,1,0,0,0,1,0,0,0,1,0,0,0,246,246,246,246,0.05
1.23,1,1.75451,-4.10079,0,1.18532,-8.51973,1,0,0,0,1,0,0,0,1,0,0,0,248,248,248,248,0.05
1.24,1,1.76641,-4.18624,0,1.19371,-8.57085,1,0,0,0,1,0,0,0,1,0,0,0,250,250,250,250,0.05
1.25,1,1.77839,-4.27221,0,1.20207,-8.62154,1,0,0,0,1,0,0,0,1,0,0,0,252,252,252,252,0.05
1.26,1,1.79045,-4.35867,0,1.2104,-8.6718,1,0,0,0,1,0,0,0,1,0,0,0,254,254,254,254,0.05
1.27,1,1.8026,-4.44564,0,1.21869,-8.72162,1,0,0,0,1,0,0,0,1,0,0,0,256,256,256,256,0.05
1.28,1,1.81482,-4.5331,0,1.22696,-8.77101,1,0,0,0,1,0,0,0,1,0,0,0,258,258,258,258,0.05
1.29,1,1.82713,-4.62106,0,1.23519,-8.81995,1,0,0,0,1,0,0,0,1,0,0,0,260,260,260,260,0.05
1.3,1,1.83953,-4.7095,0,1.24339,-8.86845,1,0,0,0,1,0,0,0,1,0,0,0,262,262,262,262,0.05
1.31,1,1.852,-4.79843,0,1.25156,-8.91651,1,0,0,0,1,0,0,0,1,0,0,0,264,264,264,264,0.05
1.32,1,1.86456,-4.88783,0,1.2597,-8.96411,1,0,0,0,1,0,0,0,1,0,0,0,266,266,266,266,0.05
1.33,1,1.8772,-4.97771,0,1.2678,-9.01127,1,0,0,0,1,0,0,0,1,0,0,0,268,268,268,268,0.05
1.34,1,1.88991,-5.06805,0,1.27588,-9.05798,1,0,0,0,1,0,0,0,1,0,0,0,270,270,270,270,0.05
1.35,1,1.90271,-5.15887,0,1.28392,-9.10423,1,0,0,0,1,0,0,0,1,0,0,0,272,272,272,272,0.05
1.36,1,1.91559,-5.25014,0,1.29193,-9.15003,1,0,0,0,1,0,0,0,1,0,0,0,274,274,274,274,0.05
1.37,1,1.92855,-5.34187,0,1.2999,-9.19537,1,0,0,0,1,0,0,0,1,0,0,0,276,276,276,276,0.05
1.38,1,1.94159,-5.43404,0,1.30785,-9.24025,1,0,0,0,1,0,0,0,1,0,0,0,278,278,278,278,0.05
1.39,1,1.95471,-5.52667,0,1.31576,-9.28467,1,0,0,0,1,0,0,0,1,0,0,0,280,280,280,280,0.05
1.4,1,1.96791,-5.61974,0,1.32364,-9.32863,1,0,0,0,1,0,0,0,1,0,0,0,282,282,282,282,0.05
1.41,1,1.98118,-5.71324,0,1.33148,-9.37213,1,0,0,0,1,0,0,0,1,0,0,0,284,284,284,284,0.05
1.42,1,1.99454,-5.80718,0,1.3393,-9.41516,1,0,0,0,1,0,0,0,1,0,0,0,286,286,286,286,0.05
1.43,1,2.00797,-5.90154,0,1.34708,-9.45773,1,0,0,0,1,0,0,0,1,0,0,0,288,288,288,288,0.05
1.44,1,2.02148,-5.99633,0,1.35482,-9.49982,1,0,0,0,1,0,0,0,1,0,0,0,290,290,290,290,0.05
1.45,1,2.03506,-6.09154,0,1.36254,-9.54145,1,0,0,0,1,0,0,0,1,0,0,0,292,292,292,292,0.05
1.46,1,2.04873,-6.18716,0,1.37022,-9.58261,1,0,0,0,1,0,0,0,1,0,0,0,294,294,294,294,0.05
1.47,1,2.06247,-6.28319,0,1.37787,-9.62329,1,0,0,0,1,0,0,0,1,0,0,0,296,296,296,296,0.05
1.48,1,2.07628,-6.37962,0,1.38548,-9.6635,1,0,0,0,1,0,0,0,1,0,0,0,298,298,298,298,0.05
1.49,1,2.09018,-6.47646,0,1.39306,-9.70324,1,0,0,0,1,0,0,0,1,0,0,0,300,300,300,300,0.05
1.5,1,2.10415,-6.57368,0,1.40061,-9.7425,1,0,0,0,1,0,0,0,1,0,0,0,302,302,302,302,0.05
1.51,1,2.11819,-6.6713,0,1.40813,-9.78129,1,0,0,0,1,0,0,0,1,0,0,0,304,304,304,304,0.05
1.52,1,2.13231,-6.76931,0,1.41561,-9.8196,1,0,0,0,1,0,0,0,1,0,0,0,306,306,306,306,0.05
1.53,1,2.1465,-6.86769,0,1.42306,-9.85743,1,0,0,0,1,0,0,0,1,0,0,0,308,308,308,308,0.05
1.54,1,2.16077,-6.96646,0,1.43048,-9.89479,1,0,0,0,1,0,0,0,1,0,0,0,310,310,310,310,0.05
1.55,1,2.17511,-7.06559,0,1.43786,-9.93166,1,0,0,0,1,0,0,0,1,0,0,0,312,312,312,312,0.05
1.56,1,2.18953,-7.16509,0,1.44521,-9.96806,1,0,0,0,1,0,0,0,1,0,0,0,314,314,314,314,0.05
1.57,1,2.20402,-7.26495,0,1.45253,-10.004,1,0,0,0,1,0,0,0,1,0,0,0,316,316,316,316,0.05
1.58,1,2.21858,-7.36516,0,1.45981,-10.0394,1,0,0,0,1,0,0,0,1,0,0,0,318,318,318,318,0.05
1.59,1,2.23321,-7.46573,0,1.46706,-10.0744,1,0,0,0,1,0,0,0,1,0,0,0,320,320,320,320,0.05
1.6,1,2.24792,-7.56665,0,1.47428,-10.1088,1,0,0,0,1,0,0,0,1,0,0,0,322,322,322,322,0.05
1.61,1,2.2627,-7.66791,0,1.48147,-10.1428,1,0,0,0,1,0,0,0,1,0,0,0,324,324,324,324,0.05
1.62,1,2.27755,-7.7695,0,1.48862,-10.1763,1,0,0,0,1,0,0,0,1,0,0,0,326,326,326,326,0.05
1.63,1,2.29247,-7.87143,0,1.49574,-10.2093,1,0,0,0,1,0,0,0,1,0,0,0,328,328,328,328,0.05
1.64,1,2.30746,-7.97369,0,1.50283,-10.2419,1,0,0,0,1,0,0,0,1,0,0,0,330,330,330,330,0.05
1.65,1,2.32253,-8.07627,0,1.50989,-10.2739,1,0,0,0,1,0,0,0,1,0,0,0,332,332,332,332,0.05
1.66,1,2.33766,-8.17917,0,1.51691,-10.3055,1,0,0,0,1,0,0,0,1,0,0,0,334,334,334,334,0.05
1.67,1,2.35286,-8.28238,0,1.5239,-10.3366,1,0,0,0,1,0,0,0,1,0,0,0,336,336,336,336,0.05
1.68,1,2.36814,-8.3859,0,1.53086,-10.3672,1,0,0,0,1,0,0,0,1,0,0,0,338,338,338,338,0.05
1.69,1,2.38348,-8.48972,0,1.53779,-10.3973,1,0,0,0,1,0,0,0,1,0,0,0,340,340,340,340,0.05
1.7,1,2.39889,-8.59384,0,1.54469,-10.4269,1,0,0,0,1,0,0,0,1,0,0,0,342,342,342,342,0.05
1.71,1,2.41437,-8.69826,0,1.55155,-10.4561,1,0,0,0,1,0,0,0,1,0,0,0,344,344,344,344,0.05
1.72,1,2.42992,-8.80296,0,1.55839,-10.4848,1,0,0,0,1,0,0,0,1,0,0,0,346,346,346,346,0.05
1.73,1,2.44554,-8.90795,0,1.56519,-10.5129,1,0,0,0,1,0,0,0,1,0,0,0,348,348,348,348,0.05
1.74,1,2.46123,-9.01322,0,1.57196,-10.5406,1,0,0,0,1,0,0,0,1,0,0,0,350,350,350,350,0.05
1.75,1,2.47698,-9.11876,0,1.5787,-10.5679,1,0,0,0,1,0,0,0,1,0,0,0,352,352,352,352,0.05
1.76,1,2.4928,-9.22457,0,1.58541,-10.5946,1,0,0,0,1,0,0,0,1,0,0,0,354,354,354,354,0.05
1.77,1,2.50869,-9.33065,0,1.59209,-10.6208,1,0,0,0,1,0,0,0,1,0,0,0,356,356,356,356,0.05
1.78,1,2.52464,-9.43699,0,1.59873,-10.6466,1,0,0,0,1,0,0,0,1,0,0,0,358,358,358,358,0.05
1.79,1,2.54066,-9.54358,0,1.60535,-10.6719,1,0,0,0,1,0,0,0,1,0,0,0,360,360,360,360,0.05
1.8,1,2.55675,-9.65043,0,1.61194,-10.6967,1,0,0,0,1,0,0,0,1,0,0,0,362,362,362,362,0.05
1.81,1,2.5729,-9.75752,0,1.6185,-10.721,1,0,0,0,1,0,0,0,1,0,0,0,364,364,364,364,0.05
1.82,1,2.58912,-9.86485,0,1.62502,-10.7449,1,0,0,0,1,0,0,0,1,0,0,0,366,366,366,366,0.05
1.83,1,2.6054,-9.97241,0,1.63152,-10.7683,1,0,0,0,1,0,0,0,1,0,0,0,368,368,368,368,0.05
1.84,1,2.62175,-10.0802,0,1.63799,-10.7912,1,0,0,0,1,0,0,0,1,0,0,0,370,370,370,370,0.05
1.85,1,2.63816,-10.1882,0,1.64443,-10.8136,1,0,0,0,1,0,0,0,1,0,0,0,372,372,372,372,0.05
1.86,1,2.65464,-10.2965,0,1.65084,-10.8355,1,0,0,0,1,0,0,0,1,0,0,0,374,374,374,374,0.05
1.87,1,2.67118,-10.4049,0,1.65723,-10.857,1,0,0,0,1,0,0,0,1,0,0,0,376,376,376,376,0.05
1.88,1,2.68778,-10.5136,0,1.66358,-10.878,1,0,0,0,1,0,0,0,1,0,0,0,378,378,378,378,0.05
1.89,1,2.70445,-10.6225,0,1.66991,-10.8985,1,0,0,0,1,0,0,0,1,0,0,0,380,380,380,380,0.05
1.9,1,2.72118,-10.7316,0,1.67621,-10.9185,1,0,0,0,1,0,0,0,1,0,0,0,382,382,382,382,0.05
1.91,1,2.73798,-10.8409,0,1.68248,-10.9381,1,0,0,0,1,0,0,0,1,0,0,0,384,384,384,384,0.05
1.92,1,2.75483,-10.9503,0,1.68872,-10.9571,1,0,0,0,1,0,0,0,1,0,0,0,386,386,386,386,0.05
1.93,1,2.77175,-11.06,0,1.69494,-10.9758,1,0,0,0,1,0,0,0,1,0,0,0,388,388,388,388,0.05
1.94,1,2.78873,-11.1699,0,1.70113,-10.9939,1,0,0,0,1,0,0,0,1,0,0,0,390,390,390,390,0.05
1.95,1,2.80577,-11.2799,0,1.7073,-11.0116,1,0,0,0,1,0,0,0,1,0,0,0,392,392,392,392,0.05
1.96,1,2.82288,-11.3901,0,1.71343,-11.0288,1,0,0,0,1,0,0,0,1,0,0,0,394,394,394,394,0.05
1.97,1,2.84004,-11.5005,0,1.71954,-11.0455,1,0,0,0,1,0,0,0,1,0,0,0,396,396,396,396,0.05
1.98,1,2.85727,-11.611,0,1.72563,-11.0618,1,0,0,0,1,0,0,0,1,0,0,0,398,398,398,398,0.05
1.99,1,2.87455,-11.7217,0,1.73169,-11.0776,1,0,0,0,1,0,0,0,1,0,0,0,400,400,400,400,0.05
2,1,2.8919,-11.8325,0,1.73773,-11.093,1,0,0,0,1,0,0,0,1,0,0,0,402,402,402,402,0.05
2.01,1,2.90931,-11.9436,0,1.74374,-11.1079,1,0,0,0,1,0,0,0,1,0,0,0,404,404,404,404,0.05
2.02,1,2.92677,-12.0547,0,1.74972,-11.1223,1,0,0,0,1,0,0,0,1,0,0,0,406,406,406,406,0.05
2.03,1,2.9443,-12.166,0,1.75568,-11.1362,1,0,0,0,1,0,0,0,1,0,0,0,408,408,408,408,0.05
2.04,1,2.96189,-12.2774,0,1.76162,-11.1497,1,0,0,0,1,0,0,0,1,0,0,0,410,410,410,410,0.05
2.05,1,2.97953,-12.389,0,1.76754,-11.1628,1,0,0,0,1,0,0,0,1,0,0,0,412,412,412,412,0.05
2.06,1,2.99724,-12.5007,0,1.77343,-11.1753,1,0,0,0,1,0,0,0,1,0,0,0,414,414,414,414,0.05
2.07,1,3.015,-12.6125,0,1.7793,-11.1875,1,0,0,0,1,0,0,0,1,0,0,0,416,416,416,416,0.05
2.08,1,3.03282,-12.7244,0,1.78514,-11.1991,1,0,0,0,1,0,0,0,1,0,0,0,418,418,418,418,0.05
2.09,1,3.05071,-12.8365,0,1.79096,-11.2104,1,0,0,0,1,0,0,0,1,0,0,0,420,420,420,420,0.05
2.1,1,3.06864,-12.9486,0,1.79676,-11.2211,1,0,0,0,1,0,0,0,1,0,0,0,422,422,422,422,0.05
2.11,1,3.08664,-13.0609,0,1.80254,-11.2314,1,0,0,0,1,0,0,0,1,0,0,0,424,424,424,424,0.05
2.12,1,3.10469,-13.1733,0,1.8083,-11.2413,1,0,0,0,1,0,0,0,1,0,0,0,426,426,426,426,0.05
2.13,1,3.12281,-13.2857,0,1.81404,-11.2507,1,0,0,0,1,0,0,0,1,0,0,0,428,428,428,428,0.05
2.14,1,3.14098,-13.3983,0,1.81975,-11.2597,1,0,0,0,1,0,0,0,1,0,0,0,430,430,430,430,0.05
2.15,1,3.1592,-13.5109,0,1.82545,-11.2682,1,0,0,0,1,0,0,0,1,0,0,0,432,432,432,432,0.05
2.16,1,3.17748,-13.6236,0,1.83112,-11.2763,1,0,0,0,1,0,0,0,1,0,0,0,434,434,434,434,0.05
2.17,1,3.19582,-13.7364,0,1.83678,-11.2839,1,0,0,0,1,0,0,0,1,0,0,0,436,436,436,436,0.05
2.18,1,3.21422,-13.8493,0,1.84242,-11.2911,1,0,0,0,1,0,0,0,1,0,0,0,438,438,438,438,0.05
2.19,1,3.23267,-13.9623,0,1.84803,-11.2978,1,0,0,0,1,0,0,0,1,0,0,0,440,440,440,440,0.05
2.2,1,3.25118,-14.0753,0,1.85363,-11.3041,1,0,0,0,1,0,0,0,1,0,0,0,442,442,442,442,0.05
2.21,1,3.26974,-14.1883,0,1.85921,-11.31,1,0,0,0,1,0,0,0,1,0,0,0,444,444,444,444,0.05
2.22,1,3.28836,-14.3015,0,1.86478,-11.3154,1,0,0,0,1,0,0,0,1,0,0,0,446,446,446,446,0.05
2.23,1,3.30704,-14.4146,0,1.87032,-11.3204,1,0,0,0,1,0,0,0,1,0,0,0,448,448,448,448,0.05
2.24,1,3.32577,-14.5279,0,1.87585,-11.3249,1,0,0,0,1,0,0,0,1,0,0,0,450,450,450,450,0.05
2.25,1,3.34456,-14.6411,0,1.88136,-11.329,1,0,0,0,1,0,0,0,1,0,0,0,452,452,452,452,0.05
2.26,1,3.3634,-14.7544,0,1.88685,-11.3327,1,0,0,0,1,0,0,0,1,0,0,0,454,454,454,454,0.05
2.27,1,3.38229,-14.8678,0,1.89233,-11.336,1,0,0,0,1,0,0,0,1,0,0,0,456,456,456,456,0.05
2.28,1,3.40124,-14.9812,0,1.89779,-11.3388,1,0,0,0,1,0,0,0,1,0,0,0,458,458,458,458,0.05
2.29,1,3.42025,-15.0946,0,1.90324,-11.3412,1,0,0,0,1,0,0,0,1,0,0,0,460,460,460,460,0.05
2.3,1,3.43931,-15.208,0,1.90867,-11.3432,1,0,0,0,1,0,0,0,1,0,0,0,462,462,462,462,0.05
2.31,1,3.45842,-15.3214,0,1.91409,-11.3447,1,0,0,0,1,0,0,0,1,0,0,0,464,464,464,464,0.05
2.32,1,3.47759,-15.4349,0,1.91949,-11.3458,1,0,0,0,1,0,0,0,1,0,0,0,466,466,466,466,0.05
2.33,1,3.49681,-15.5483,0,1.92488,-11.3465,1,0,0,0,1,0,0,0,1,0,0,0,468,468,468,468,0.05
2.34,1,3.51609,-15.6618,0,1.93025,-11.3468,1,0,0,0,1,0,0,0,1,0,0,0,470,470,470,470,0.05
2.35,1,3.53542,-15.7753,0,1.93561,-11.3466,1,0,0,0,1,0,0,0,1,0,0,0,472,472,472,472,0.05
2.36,1,3.5548,-15.8887,0,1.94096,-11.3461,1,0,0,0,1,0,0,0,1,0,0,0,474,474,474,474,0.05
2.37,1,3.57424,-16.0022,0,1.9463,-11.3451,1,0,0,0,1,0,0,0,1,0,0,0,476,476,476,476,0.05
2.38,1,3.59373,-16.1156,0,1.95162,-11.3436,1,0,0,0,1,0,0,0,1,0,0,0,478,478,478,478,0.05
2.39,1,3.61327,-16.2291,0,1.95693,-11.3418,1,0,0,0,1,0,0,0,1,0,0,0,480,480,480,480,0.05
2.4,1,3.63287,-16.3425,0,1.96223,-11.3396,1,0,0,0,1,0,0,0,1,0,0,0,482,482,482,482,0.05
2.41,1,3.65251,-16.4559,0,1.96752,-11.3369,1,0,0,0,1,0,0,0,1,0,0,0,484,484,484,484,0.05
2.42,1,3.67222,-16.5692,0,1.9728,-11.3338,1,0,0,0,1,0,0,0,1,0,0,0,486,486,486,486,0.05
2.43,1,3.69197,-16.6825,0,1.97807,-11.3304,1,0,0,0,1,0,0,0,1,0,0,0,488,488,488,488,0.05
2.44,1,3.71178,-16.7958,0,1.98333,-11.3265,1,0,0,0,1,0,0,0,1,0,0,0,490,490,490,490,0.05
2.45,1,3.73164,-16.9091,0,1.98858,-11.3222,1,0,0,0,1,0,0,0,1,0,0,0,492,492,492,492,0.05
2.46,1,3.75155,-17.0223,0,1.99382,-11.3175,1,0,0,0,1,0,0,0,1,0,0,0,494,494,494,494,0.05
2.47,1,3.77151,-17.1354,0,1.99905,-11.3123,1,0,0,0,1,0,0,0,1,0,0,0,496,496,496,496,0.05
2.48,1,3.79153,-17.2485,0,2.00427,-11.3068,1,0,0,0,1,0,0,0,1,0,0,0,498,498,498,498,0.05
2.49,1,3.8116,-17.3615,0,2.00948,-11.3009,1,0,0,0,1,0,0,0,1,0,0,0,500,500,500,500,0.05
2.5,1,3.83172,-17.4745,0,2.01469,-11.2945,1,0,0,0,1,0,0,0,1,0,0,0,502,502,502,502,0.05
2.51,1,3.85189,-17.5874,0,2.01989,-11.2878,1,0,0,0,1,0,0,0,1,0,0,0,504,504,504,504,0.05
2.52,1,3.87212,-17.7003,0,2.02508,-11.2807,1,0,0,0,1,0,0,0,1,0,0,0,506,506,506,506,0.05
2.53,1,3.89239,-17.813,0,2.03027,-11.2731,1,0,0,0,1,0,0,0,1,0,0,0,508,508,508,508,0.05
2.54,1,3.91272,-17.9257,0,2.03545,-11.2652,1,0,0,0,1,0,0,0,1,0,0,0,510,510,510,510,0.05
2.55,1,3.9331,-18.0384,0,2.04062,-11.2568,1,0,0,0,1,0,0,0,1,0,0,0,512,512,512,512,0.05
2.56,1,3.95354,-18.1509,0,2.04579,-11.2481,1,0,0,0,1,0,0,0,1,0,0,0,514,514,514,514,0.05
2.57,1,3.97402,-18.2633,0,2.05095,-11.2389,1,0,0,0,1,0,0,0,1,0,0,0,516,516,516,516,0.05
2.58,1,3.99455,-18.3757,0,2.05611,-11.2294,1,0,0,0,1,0,0,0,1,0,0,0,518,518,518,518,0.05
2.59,1,4.01514,-18.4879,0,2.06127,-11.2195,1,0,0,0,1,0,0,0,1,0,0,0,520,520,520,520,0.05
2.6,1,4.03578,-18.6,0,2.06642,-11.2091,1,0,0,0,1,0,0,0,1,0,0,0,522,522,522,522,0.05
2.61,1,4.05647,-18.7121,0,2.07157,-11.1984,1,0,0,0,1,0,0,0,1,0,0,0,524,524,524,524,0.05
2.62,1,4.07721,-18.824,0,2.07671,-11.1873,1,0,0,0,1,0,0,0,1,0,0,0,526,526,526,526,0.05
2.63,1,4.098,-18.9358,0,2.08185,-11.1758,1,0,0,0,1,0,0,0,1,0,0,0,528,528,528,528,0.05
2.64,1,4.11885,-19.0475,0,2.08699,-11.1639,1,0,0,0,1,0,0,0,1,0,0,0,530,530,530,530,0.05
2.65,1,4.13974,-19.1591,0,2.09213,-11.1516,1,0,0,0,1,0,0,0,1,0,0,0,532,532,532,532,0.05
2.66,1,4.16069,-19.2706,0,2.09726,-11.1389,1,0,0,0,1,0,0,0,1,0,0,0,534,534,534,534,0.05
2.67,1,4.18169,-19.3819,0,2.1024,-11.1259,1,0,0,0,1,0,0,0,1,0,0,0,536,536,536,536,0.05
2.68,1,4.20274,-19.4931,0,2.10753,-11.1124,1,0,0,0,1,0,0,0,1,0,0,0,538,538,538,538,0.05
2.69,1,4.22384,-19.6041,0,2.11266,-11.0986,1,0,0,0,1,0,0,0,1,0,0,0,540,540,540,540,0.05
2.7,1,4.24499,-19.715,0,2.11779,-11.0843,1,0,0,0,1,0,0,0,1,0,0,0,542,542,542,542,0.05
2.71,1,4.2662,-19.8258,0,2.12293,-11.0697,1,0,0,0,1,0,0,0,1,0,0,0,544,544,544,544,0.05
2.72,1,4.28745,-19.9364,0,2.12806,-11.0547,1,0,0,0,1,0,0,0,1,0,0,0,546,546,546,546,0.05
2.73,1,4.30876,-20.0469,0,2.13319,-11.0393,1,0,0,0,1,0,0,0,1,0,0,0,548,548,548,548,0.05
2.74,1,4.33011,-20.1572,0,2.13833,-11.0235,1,0,0,0,1,0,0,0,1,0,0,0,550,550,550,550,0.05
2.75,1,4.35152,-20.2674,0,2.14347,-11.0073,1,0,0,0,1,0,0,0,1,0,0,0,552,552,552,552,0.05
2.76,1,4.37298,-20.3774,0,2.14861,-10.9908,1,0,0,0,1,0,0,0,1,0,0,0,554,554,554,554,0.05
2.77,1,4.3945,-20.4872,0,2.15375,-10.9739,1,0,0,0,1,0,0,0,1,0,0,0,556,556,556,556,0.05
2.78,1,4.41606,-20.5968,0,2.15889,-10.9565,1,0,0,0,1,0,0,0,1,0,0,0,558,558,558,558,0.05
2.79,1,4.43767,-20.7063,0,2.16404,-10.9388,1,0,0,0,1,0,0,0,1,0,0,0,560,560,560,560,0.05
2.8,1,4.45934,-20.8156,0,2.16919,-10.9208,1,0,0,0,1,0,0,0,1,0,0,0,562,562,562,562,0.05
2.81,1,4.48106,-20.9247,0,2.17435,-10.9023,1,0,0,0,1,0,0,0,1,0,0,0,564,564,564,564,0.05
2.82,1,4.50283,-21.0337,0,2.17951,-10.8835,1,0,0,0,1,0,0,0,1,0,0,0,566,566,566,566,0.05
2.83,1,4.52465,-21.1424,0,2.18467,-10.8642,1,0,0,0,1,0,0,0,1,0,0,0,568,568,568,568,0.05
2.84,1,4.54652,-21.2509,0,2.18984,-10.8446,1,0,0,0,1,0,0,0,1,0,0,0,570,570,570,570,0.05
2.85,1,4.56844,-21.3593,0,2.19502,-10.8246,1,0,0,0,1,0,0,0,1,0,0,0,572,572,572,572,0.05
2.86,1,4.59042,-21.4674,0,2.2002,-10.8043,1,0,0,0,1,0,0,0,1,0,0,0,574,574,574,574,0.05
2.87,1,4.61245,-21.5754,0,2.20538,-10.7835,1,0,0,0,1,0,0,0,1,0,0,0,576,576,576,576,0.05
2.88,1,4.63453,-21.6831,0,2.21058,-10.7624,1,0,0,0,1,0,0,0,1,0,0,0,578,578,578,578,0.05
2.89,1,4.65666,-21.7906,0,2.21578,-10.7409,1,0,0,0,1,0,0,0,1,0,0,0,580,580,580,580,0.05
2.9,1,4.67884,-21.8979,0,2.22099,-10.719,1,0,0,0,1,0,0,0,1,0,0,0,582,582,582,582,0.05
2.91,1,4.70108,-22.005,0,2.2262,-10.6967,1,0,0,0,1,0,0,0,1,0,0,0,584,584,584,584,0.05
2.92,1,4.72337,-22.1119,0,2.23142,-10.674,1,0,0,0,1,0,0,0,1,0,0,0,586,586,586,586,0.05
2.93,1,4.74571,-22.2185,0,2.23666,-10.651,1,0,0,0,1,0,0,0,1,0,0,0,588,588,588,588,0.05
2.94,1,4.7681,-22.3249,0,2.2419,-10.6276,1,0,0,0,1,0,0,0,1,0,0,0,590,590,590,590,0.05
2.95,1,4.79055,-22.431,0,2.24715,-10.6038,1,0,0,0,1,0,0,0,1,0,0,0,592,592,592,592,0.05
2.96,1,4.81304,-22.5369,0,2.2524,-10.5796,1,0,0,0,1,0,0,0,1,0,0,0,594,594,594,594,0.05
2.97,1,4.83559,-22.6426,0,2.25767,-10.5551,1,0,0,0,1,0,0,0,1,0,0,0,596,596,596,596,0.05
2.98,1,4.8582,-22.748,0,2.26295,-10.5301,1,0,0,0,1,0,0,0,1,0,0,0,598,598,598,598,0.05
2.99,1,4.88085,-22.8532,0,2.26824,-10.5048,1,0,0,0,1,0,0,0,1,0,0,0,600,600,600,600,0.05
3,1,4.90356,-22.9581,0,2.27354,-10.4791,1,0,0,0,1,0,0,0,1,0,0,0,602,602,602,602,0.05
3.01,1,4.92632,-23.0628,0,2.27885,-10.453,1,0,0,0,1,0,0,0,1,0,0,0,604,604,604,604,0.05
3.02,1,4.94914,-23.1672,0,2.28418,-10.4266,1,0,0,0,1,0,0,0,1,0,0,0,606,606,606,606,0.05
3.03,1,4.97201,-23.2713,0,2.28951,-10.3997,1,0,0,0,1,0,0,0,1,0,0,0,608,608,608,608,0.05
3.04,1,4.99493,-23.3752,0,2.29486,-10.3725,1,0,0,0,1,0,0,0,1,0,0,0,610,610,610,610,0.05
3.05,1,5.0179,-23.4788,0,2.30022,-10.3449,1,0,0,0,1,0,0,0,1,0,0,0,612,612,612,612,0.05
3.06,1,5.04093,-23.5821,0,2.30559,-10.3169,1,0,0,0,1,0,0,0,1,0,0,0,614,614,614,614,0.05
3.07,1,5.06402,-23.6851,0,2.31098,-10.2886,1,0,0,0,1,0,0,0,1,0,0,0,616,616,616,616,0.05
3.08,1,5.08715,-23.7879,0,2.31638,-10.2598,1,0,0,0,1,0,0,0,1,0,0,0,618,618,618,618,0.05
3.09,1,5.11034,-23.8903,0,2.32179,-10.2307,1,0,0,0,1,0,0,0,1,0,0,0,620,620,620,620,0.05
3.1,1,5.13359,-23.9925,0,2.32722,-10.2011,1,0,0,0,1,0,0,0,1,0,0,0,622,622,622,622,0.05
3.11,1,5.15689,-24.0943,0,2.33266,-10.1712,1,0,0,0,1,0,0,0,1,0,0,0,624,624,624,624,0.05
3.12,1,5.18024,-24.1959,0,2.33812,-10.141,1,0,0,0,1,0,0,0,1,0,0,0,626,626,626,626,0.05
3.13,1,5.20365,-24.2972,0,2.34359,-10.1103,1,0,0,0,1,0,0,0,1,0,0,0,628,628,628,628,0.05
3.14,1,5.22711,-24.3981,0,2.34908,-10.0792,1,0,0,0,1,0,0,0,1,0,0,0,630,630,630,630,0.05
3.15,1,5.25063,-24.4987,0,2.35459,-10.0478,1,0,0,0,1,0,0,0,1,0,0,0,632,632,632,632,0.05
3.16,1,5.27421,-24.5991,0,2.36011,-10.0159,1,0,0,0,1,0,0,0,1,0,0,0,634,634,634,634,0.05
3.17,1,5.29783,-24.6991,0,2.36565,-9.98369,1,0,0,0,1,0,0,0,1,0,0,0,636,636,636,636,0.05
3.18,1,5.32152,-24.7987,0,2.37121,-9.95107,1,0,0,0,1,0,0,0,1,0,0,0,638,638,638,638,0.05
3.19,1,5.34526,-24.8981,0,2.37678,-9.91806,1,0,0,0,1,0,0,0,1,0,0,0,640,640,640,640,0.05
3.2,1,5.36905,-24.9971,0,2.38237,-9.88467,1,0,0,0,1,0,0,0,1,0,0,0,642,642,642,642,0.05
3.21,1,5.39291,-25.0958,0,2.38798,-9.85087,1,0,0,0,1,0,0,0,1,0,0,0,644,644,644,644,0.05
3.22,1,5.41681,-25.1941,0,2.39361,-9.81669,1,0,0,0,1,0,0,0,1,0,0,0,646,646,646,646,0.05
3.23,1,5.44078,-25.2921,0,2.39925,-9.78211,1,0,0,0,1,0,0,0,1,0,0,0,648,648,648,648,0.05
3.24,1,5.4648,-25.3897,0,2.40492,-9.74714,1,0,0,0,1,0,0,0,1,0,0,0,650,650,650,650,0.05
3.25,1,5.48888,-25.487,0,2.41061,-9.71177,1,0,0,0,1,0,0,0,1,0,0,0,652,652,652,652,0.05
3.26,1,5.51301,-25.584,0,2.41631,-9.67601,1,0,0,0,1,0,0,0,1,0,0,0,654,654,654,654,0.05
3.27,1,5.5372,-25.6806,0,2.42204,-9.63985,1,0,0,0,1,0,0,0,1,0,0,0,656,656,656,656,0.05
3.28,1,5.56145,-25.7768,0,2.42778,-9.60328,1,0,0,0,1,0,0,0,1,0,0,0,658,658,658,658,0.05
3.29,1,5.58576,-25.8726,0,2.43355,-9.56632,1,0,0,0,1,0,0,0,1,0,0,0,660,660,660,660,0.05
3.3,1,5.61012,-25.9681,0,2.43934,-9.52896,1,0,0,0,1,0,0,0,1,0,0,0,662,662,662,662,0.05
3.31,1,5.63455,-26.0632,0,2.44515,-9.49119,1,0,0,0,1,0,0,0,1,0,0,0,664,664,664,664,0.05
3.32,1,5.65903,-26.1579,0,2.45098,-9.45302,1,0,0,0,1,0,0,0,1,0,0,0,666,666,666,666,0.05
3.33,1,5.68357,-26.2523,0,2.45683,-9.41445,1,0,0,0,1,0,0,0,1,0,0,0,668,668,668,668,0.05
3.34,1,5.70816,-26.3462,0,2.46271,-9.37547,1,0,0,0,1,0,0,0,1,0,0,0,670,670,670,670,0.05
3.35,1,5.73282,-26.4398,0,2.46861,-9.33608,1,0,0,0,1,0,0,0,1,0,0,0,672,672,672,672,0.05
3.36,1,5.75754,-26.5329,0,2.47453,-9.29628,1,0,0,0,1,0,0,0,1,0,0,0,674,674,674,674,0.05
3.37,1,5.78231,-26.6257,0,2.48047,-9.25608,1,0,0,0,1,0,0,0,1,0,0,0,676,676,676,676,0.05
3.38,1,5.80714,-26.718,0,2.48644,-9.21546,1,0,0,0,1,0,0,0,1,0,0,0,678,678,678,678,0.05
3.39,1,5.83204,-26.81,0,2.49244,-9.17443,1,0,0,0,1,0,0,0,1,0,0,0,680,680,680,680,0.05
3.4,1,5.85699,-26.9015,0,2.49845,-9.13298,1,0,0,0,1,0,0,0,1,0,0,0,682,682,682,682,0.05
3.41,1,5.88201,-26.9927,0,2.5045,-9.09111,1,0,0,0,1,0,0,0,1,0,0,0,684,684,684,684,0.05
3.42,1,5.90708,-27.0834,0,2.51056,-9.04883,1,0,0,0,1,0,0,0,1,0,0,0,686,686,686,686,0.05
3.43,1,5.93222,-27.1736,0,2.51666,-9.00613,1,0,0,0,1,0,0,0,1,0,0,0,688,688,688,688,0.05
3.44,1,5.95742,-27.2635,0,2.52278,-8.96301,1,0,0,0,1,0,0,0,1,0,0,0,690,690,690,690,0.05
3.45,1,5.98268,-27.3529,0,2.52892,-8.91946,1,0,0,0,1,0,0,0,1,0,0,0,692,692,692,692,0.05
3.46,1,6.008,-27.4419,0,2.53509,-8.87549,1,0,0,0,1,0,0,0,1,0,0,0,694,694,694,694,0.05
3.47,1,6.03338,-27.5304,0,2.54129,-8.83109,1,0,0,0,1,0,0,0,1,0,0,0,696,696,696,696,0.05
3.48,1,6.05882,-27.6185,0,2.54751,-8.78627,1,0,0,0,1,0,0,0,1,0,0,0,698,698,698,698,0.05
3.49,1,6.08433,-27.7061,0,2.55376,-8.74101,1,0,0,0,1,0,0,0,1,0,0,0,700,700,700,700,0.05
3.5,1,6.1099,-27.7933,0,2.56004,-8.69532,1,0,0,0,1,0,0,0,1,0,0,0,702,702,702,702,0.05
3.51,1,6.13553,-27.88,0,2.56635,-8.6492,1,0,0,0,1,0,0,0,1,0,0,0,704,704,704,704,0.05
3.52,1,6.16122,-27.9663,0,2.57268,-8.60264,1,0,0,0,1,0,0,0,1,0,0,0,706,706,706,706,0.05
3.53,1,6.18698,-28.0521,0,2.57904,-8.55564,1,0,0,0,1,0,0,0,1,0,0,0,708,708,708,708,0.05
3.54,1,6.2128,-28.1374,0,2.58544,-8.5082,1,0,0,0,1,0,0,0,1,0,0,0,710,710,710,710,0.05
3.55,1,6.23869,-28.2222,0,2.59186,-8.46032,1,0,0,0,1,0,0,0,1,0,0,0,712,712,712,712,0.05
3.56,1,6.26464,-28.3066,0,2.59831,-8.412,1,0,0,0,1,0,0,0,1,0,0,0,714,714,714,714,0.05
3.57,1,6.29066,-28.3905,0,2.60478,-8.36323,1,0,0,0,1,0,0,0,1,0,0,0,716,716,716,716,0.05
3.58,1,6.31674,-28.4739,0,2.61129,-8.31401,1,0,0,0,1,0,0,0,1,0,0,0,718,718,718,718,0.05
3.59,1,6.34288,-28.5568,0,2.61783,-8.26434,1,0,0,0,1,0,0,0,1,0,0,0,720,720,720,720,0.05
3.6,1,6.36909,-28.6392,0,2.6244,-8.21422,1,0,0,0,1,0,0,0,1,0,0,0,722,722,722,722,0.05
3.61,1,6.39537,-28.721,0,2.631,-8.16364,1,0,0,0,1,0,0,0,1,0,0,0,724,724,724,724,0.05
3.62,1,6.42171,-28.8024,0,2.63763,-8.1126,1,0,0,0,1,0,0,0,1,0,0,0,726,726,726,726,0.05
3.63,1,6.44812,-28.8833,0,2.64429,-8.0611,1,0,0,0,1,0,0,0,1,0,0,0,728,728,728,728,0.05
3.64,1,6.4746,-28.9636,0,2.65098,-8.00914,1,0,0,0,1,0,0,0,1,0,0,0,730,730,730,730,0.05
3.65,1,6.50114,-29.0435,0,2.65771,-7.95672,1,0,0,0,1,0,0,0,1,0,0,0,732,732,732,732,0.05
3.66,1,6.52775,-29.1228,0,2.66447,-7.90383,1,0,0,0,1,0,0,0,1,0,0,0,734,734,734,734,0.05
3.67,1,6.55443,-29.2015,0,2.67125,-7.85046,1,0,0,0,1,0,0,0,1,0,0,0,736,736,736,736,0.05
3.68,1,6.58118,-29.2798,0,2.67807,-7.79663,1,0,0,0,1,0,0,0,1,0,0,0,738,738,738,738,0.05
3.69,1,6.60799,-29.3575,0,2.68493,-7.74231,1,0,0,0,1,0,0,0,1,0,0,0,740,740,740,740,0.05
3.7,1,6.63488,-29.4346,0,2.69181,-7.68752,1,0,0,0,1,0,0,0,1,0,0,0,742,742,742,742,0.05
3.71,1,6.66183,-29.5112,0,2.69873,-7.63225,1,0,0,0,1,0,0,0,1,0,0,0,744,744,744,744,0.05
3.72,1,6.68885,-29.5873,0,2.70569,-7.5765,1,0,0,0,1,0,0,0,1,0,0,0,746,746,746,746,0.05
3.73,1,6.71595,-29.6628,0,2.71267,-7.52026,1,0,0,0,1,0,0,0,1,0,0,0,748,748,748,748,0.05
3.74,1,6.74311,-29.7377,0,2.71969,-7.46353,1,0,0,0,1,0,0,0,1,0,0,0,750,750,750,750,0.05
3.75,1,6.77034,-29.812,0,2.72675,-7.4063,1,0,0,0,1,0,0,0,1,0,0,0,752,752,752,752,0.05
3.76,1,6.79764,-29.8858,0,2.73384,-7.34859,1,0,0,0,1,0,0,0,1,0,0,0,754,754,754,754,0.05
3.77,1,6.82502,-29.959,0,2.74096,-7.29037,1,0,0,0,1,0,0,0,1,0,0,0,756,756,756,756,0.05
3.78,1,6.85246,-30.0316,0,2.74812,-7.23165,1,0,0,0,1,0,0,0,1,0,0,0,758,758,758,758,0.05
3.79,1,6.87998,-30.1036,0,2.75531,-7.17243,1,0,0,0,1,0,0,0,1,0,0,0,760,760,760,760,0.05
3.8,1,6.90757,-30.1751,0,2.76254,-7.11271,1,0,0,0,1,0,0,0,1,0,0,0,762,762,762,762,0.05
3.81,1,6.93523,-30.2459,0,2.7698,-7.05247,1,0,0,0,1,0,0,0,1,0,0,0,764,764,764,764,0.05
3.82,1,6.96296,-30.3161,0,2.7771,-6.99172,1,0,0,0,1,0,0,0,1,0,0,0,766,766,766,766,0.05
3.83,1,6.99077,-30.3857,0,2.78443,-6.93045,1,0,0,0,1,0,0,0,1,0,0,0,768,768,768,768,0.05
3.84,1,7.01865,-30.4547,0,2.7918,-6.86866,1,0,0,0,1,0,0,0,1,0,0,0,770,770,770,770,0.05
3.85,1,7.04661,-30.5231,0,2.79921,-6.80635,1,0,0,0,1,0,0,0,1,0,0,0,772,772,772,772,0.05
3.86,1,7.07464,-30.5908,0,2.80665,-6.74352,1,0,0,0,1,0,0,0,1,0,0,0,774,774,774,774,0.05
3.87,1,7.10274,-30.658,0,2.81413,-6.68015,1,0,0,0,1,0,0,0,1,0,0,0,776,776,776,776,0.05
3.88,1,7.13092,-30.7244,0,2.82164,-6.61625,1,0,0,0,1,0,0,0,1,0,0,0,778,778,778,778,0.05
3.89,1,7.15917,-30.7903,0,2.82919,-6.55182,1,0,0,0,1,0,0,0,1,0,0,0,780,780,780,780,0.05
3.9,1,7.1875,-30.8555,0,2.83678,-6.48684,1,0,0,0,1,0,0,0,1,0,0,0,782,782,782,782,0.05
3.91,1,7.21591,-30.92,0,2.8444,-6.42133,1,0,0,0,1,0,0,0,1,0,0,0,784,784,784,784,0.05
3.92,1,7.24439,-30.9839,0,2.85206,-6.35526,1,0,0,0,1,0,0,0,1,0,0,0,786,786,786,786,0.05
3.93,1,7.27295,-31.0471,0,2.85976,-6.28865,1,0,0,0,1,0,0,0,1,0,0,0,788,788,788,788,0.05
3.94,1,7.30159,-31.1097,0,2.8675,-6.22148,1,0,0,0,1,0,0,0,1,0,0,0,790,790,790,790,0.05
3.95,1,7.3303,-31.1715,0,2.87527,-6.15375,1,0,0,0,1,0,0,0,1,0,0,0,792,792,792,792,0.05
3.96,1,7.35909,-31.2327,0,2.88308,-6.08547,1,0,0,0,1,0,0,0,1,0,0,0,794,794,794,794,0.05
3.97,1,7.38796,-31.2932,0,2.89093,-6.01662,1,0,0,0,1,0,0,0,1,0,0,0,796,796,796,796,0.05
3.98,1,7.41691,-31.3531,0,2.89881,-5.9472,1,0,0,0,1,0,0,0,1,0,0,0,798,798,798,798,0.05
3.99,1,7.44594,-31.4122,0,2.90674,-5.8772,1,0,0,0,1,0,0,0,1,0,0,0,800,800,800,800,0.05
4,1,7.47505,-31.4706,0,2.9147,-5.80664,1,0,0,0,1,0,0,0,1,0,0,0,802,802,802,802,0.05
4.01,1,7.50423,-31.5283,0,2.9227,-5.73549,1,0,0,0,1,0,0,0,1,0,0,0,804,804,804,804,0.05
4.02,1,7.5335,-31.5853,0,2.93073,-5.66376,1,0,0,0,1,0,0,0,1,0,0,0,806,806,806,806,0.05
4.03,1,7.56285,-31.6416,0,2.93881,-5.59144,1,0,0,0,1,0,0,0,1,0,0,0,808,808,808,808,0.05
4.04,1,7.59228,-31.6971,0,2.94692,-5.51853,1,0,0,0,1,0,0,0,1,0,0,0,810,810,810,810,0.05
4.05,1,7.62179,-31.752,0,2.95507,-5.44503,1,0,0,0,1,0,0,0,1,0,0,0,812,812,812,812,0.05
4.06,1,7.65138,-31.806,0,2.96325,-5.37092,1,0,0,0,1,0,0,0,1,0,0,0,814,814,814,814,0.05
4.07,1,7.68105,-31.8594,0,2.97148,-5.29621,1,0,0,0,1,0,0,0,1,0,0,0,816,816,816,816,0.05
4.08,1,7.71081,-31.912,0,2.97974,-5.2209,1,0,0,0,1,0,0,0,1,0,0,0,818,818,818,818,0.05
4.09,1,7.74065,-31.9638,0,2.98804,-5.14497,1,0,0,0,1,0,0,0,1,0,0,0,820,820,820,820,0.05
4.1,1,7.77057,-32.0149,0,2.99638,-5.06843,1,0,0,0,1,0,0,0,1,0,0,0,822,822,822,822,0.05
4.11,1,7.80057,-32.0652,0,3.00476,-4.99127,1,0,0,0,1,0,0,0,1,0,0,0,824,824,824,824,0.05
4.12,1,7.83066,-32.1147,0,3.01317,-4.91349,1,0,0,0,1,0,0,0,1,0,0,0,826,826,826,826,0.05
4.13,1,7.86084,-32.1634,0,3.02162,-4.83508,1,0,0,0,1,0,0,0,1,0,0,0,828,828,828,828,0.05
4.14,1,7.8911,-32.2114,0,3.03011,-4.75604,1,0,0,0,1,0,0,0,1,0,0,0,830,830,830,830,0.05
4.15,1,7.92144,-32.2585,0,3.03863,-4.67636,1,0,0,0,1,0,0,0,1,0,0,0,832,832,832,832,0.05
4.16,1,7.95187,-32.3049,0,3.0472,-4.59604,1,0,0,0,1,0,0,0,1,0,0,0,834,834,834,834,0.05
4.17,1,7.98238,-32.3505,0,3.0558,-4.51508,1,0,0,0,1,0,0,0,1,0,0,0,836,836,836,836,0.05
4.18,1,8.01298,-32.3952,0,3.06443,-4.43347,1,0,0,0,1,0,0,0,1,0,0,0,838,838,838,838,0.05
4.19,1,8.04367,-32.4391,0,3.0731,-4.3512,1,0,0,0,1,0,0,0,1,0,0,0,840,840,840,840,0.05
4.2,1,8.07445,-32.4822,0,3.08181,-4.26828,1,0,0,0,1,0,0,0,1,0,0,0,842,842,842,842,0.05
4.21,1,8.10531,-32.5245,0,3.09056,-4.1847,1,0,0,0,1,0,0,0,1,0,0,0,844,844,844,844,0.05
4.22,1,8.13626,-32.5659,0,3.09934,-4.10046,1,0,0,0,1,0,0,0,1,0,0,0,846,846,846,846,0.05
4.23,1,8.1673,-32.6065,0,3.10816,-4.01554,1,0,0,0,1,0,0,0,1,0,0,0,848,848,848,848,0.05
4.24,1,8.19842,-32.6462,0,3.11701,-3.92995,1,0,0,0,1,0,0,0,1,0,0,0,850,850,850,850,0.05
4.25,1,8.22964,-32.6851,0,3.1259,-3.84368,1,0,0,0,1,0,0,0,1,0,0,0,852,852,852,852,0.05
4.26,1,8.26094,-32.7231,0,3.13482,-3.75674,1,0,0,0,1,0,0,0,1,0,0,0,854,854,854,854,0.05
4.27,1,8.29233,-32.7602,0,3.14378,-3.6691,1,0,0,0,1,0,0,0,1,0,0,0,856,856,856,856,0.05
4.28,1,8.32382,-32.7965,0,3.15278,-3.58077,1,0,0,0,1,0,0,0,1,0,0,0,858,858,858,858,0.05
4.29,1,8.35539,-32.8318,0,3.1618,-3.49175,1,0,0,0,1,0,0,0,1,0,0,0,860,860,860,860,0.05
4.3,1,8.38705,-32.8663,0,3.17087,-3.40203,1,0,0,0,1,0,0,0,1,0,0,0,862,862,862,862,0.05
4.31,1,8.41881,-32.8999,0,3.17996,-3.31161,1,0,0,0,1,0,0,0,1,0,0,0,864,864,864,864,0.05
4.32,1,8.45065,-32.9325,0,3.18909,-3.22047,1,0,0,0,1,0,0,0,1,0,0,0,866,866,866,866,0.05
4.33,1,8.48259,-32.9643,0,3.19825,-3.12863,1,0,0,0,1,0,0,0,1,0,0,0,868,868,868,868,0.05
4.34,1,8.51462,-32.9951,0,3.20744,-3.03607,1,0,0,0,1,0,0,0,1,0,0,0,870,870,870,870,0.05
4.35,1,8.54674,-33.025,0,3.21667,-2.94279,1,0,0,0,1,0,0,0,1,0,0,0,872,872,872,872,0.05
4.36,1,8.57895,-33.054,0,3.22593,-2.84879,1,0,0,0,1,0,0,0,1,0,0,0,874,874,874,874,0.05
4.37,1,8.61126,-33.082,0,3.23521,-2.75406,1,0,0,0,1,0,0,0,1,0,0,0,876,876,876,876,0.05
4.38,1,8.64365,-33.109,0,3.24453,-2.65859,1,0,0,0,1,0,0,0,1,0,0,0,878,878,878,878,0.05
4.39,1,8.67615,-33.1352,0,3.25388,-2.56239,1,0,0,0,1,0,0,0,1,0,0,0,880,880,880,880,0.05
4.4,1,8.70873,-33.1603,0,3.26327,-2.46545,1,0,0,0,1,0,0,0,1,0,0,0,882,882,882,882,0.05
4.41,1,8.74141,-33.1845,0,3.27268,-2.36776,1,0,0,0,1,0,0,0,1,0,0,0,884,884,884,884,0.05
4.42,1,8.77419,-33.2076,0,3.28211,-2.26933,1,0,0,0,1,0,0,0,1,0,0,0,886,886,886,886,0.05
4.43,1,8.80705,-33.2298,0,3.29158,-2.17014,1,0,0,0,1,0,0,0,1,0,0,0,888,888,888,888,0.05
4.44,1,8.84002,-33.251,0,3.30108,-2.0702,1,0,0,0,1,0,0,0,1,0,0,0,890,890,890,890,0.05
4.45,1,8.87308,-33.2712,0,3.3106,-1.96949,1,0,0,0,1,0,0,0,1,0,0,0,892,892,892,892,0.05
4.46,1,8.90623,-33.2904,0,3.32016,-1.86803,1,0,0,0,1,0,0,0,1,0,0,0,894,894,894,894,0.05
4.47,1,8.93948,-33.3086,0,3.32974,-1.76579,1,0,0,0,1,0,0,0,1,0,0,0,896,896,896,896,0.05
4.48,1,8.97282,-33.3257,0,3.33934,-1.66279,1,0,0,0,1,0,0,0,1,0,0,0,898,898,898,898,0.05
4.49,1,9.00627,-33.3419,0,3.34897,-1.559,1,0,0,0,1,0,0,0,1,0,0,0,900,900,900,900,0.05
4.5,1,9.0398,-33.3569,0,3.35863,-1.45444,1,0,0,0,1,0,0,0,1,0,0,0,902,902,902,902,0.05
4.51,1,9.07344,-33.3709,0,3.36832,-1.3491,1,0,0,0,1,0,0,0,1,0,0,0,904,904,904,904,0.05
4.52,1,9.10717,-33.3839,0,3.37803,-1.24297,1,0,0,0,1,0,0,0,1,0,0,0,906,906,906,906,0.05
4.53,1,9.141,-33.3958,0,3.38776,-1.13606,1,0,0,0,1,0,0,0,1,0,0,0,908,908,908,908,0.05
4.54,1,9.17493,-33.4066,0,3.39752,-1.02835,1,0,0,0,1,0,0,0,1,0,0,0,910,910,910,910,0.05
4.55,1,9.20895,-33.4164,0,3.40731,-0.91984,1,0,0,0,1,0,0,0,1,0,0,0,912,912,912,912,0.05
4.56,1,9.24307,-33.425,0,3.41712,-0.810533,1,0,0,0,1,0,0,0,1,0,0,0,914,914,914,914,0.05
4.57,1,9.27729,-33.4326,0,3.42695,-0.700424,1,0,0,0,1,0,0,0,1,0,0,0,916,916,916,916,0.05
4.58,1,9.31161,-33.439,0,3.43681,-0.589508,1,0,0,0,1,0,0,0,1,0,0,0,918,918,918,918,0.05
4.59,1,9.34603,-33.4444,0,3.44669,-0.477782,1,0,0,0,1,0,0,0,1,0,0,0,920,920,920,920,0.05
4.6,1,9.38054,-33.4486,0,3.4566,-0.365242,1,0,0,0,1,0,0,0,1,0,0,0,922,922,922,922,0.05
4.61,1,9.41516,-33.4517,0,3.46653,-0.251886,1,0,0,0,1,0,0,0,1,0,0,0,924,924,924,924,0.05
4.62,1,9.44988,-33.4536,0,3.47648,-0.13771,1,0,0,0,1,0,0,0,1,0,0,0,926,926,926,926,0.05
4.63,1,9.48469,-33.4544,0,3.48647,-0.022711,1,0,0,0,1,0,0,0,1,0,0,0,928,928,928,928,0.05
4.64,1,9.5196,-33.4541,0,3.49646,0.0931151,1,0,0,0,1,0,0,0,1,0,0,0,930,930,930,930,0.05
4.65,1,9.55462,-33.4525,0,3.50642,0.209769,1,0,0,0,1,0,0,0,1,0,0,0,932,932,932,932,0.05
4.66,1,9.58973,-33.4499,0,3.51636,0.32725,1,0,0,0,1,0,0,0,1,0,0,0,934,934,934,934,0.05
4.67,1,9.62495,-33.446,0,3.52627,0.445559,1,0,0,0,1,0,0,0,1,0,0,0,936,936,936,936,0.05
4.68,1,9.66026,-33.441,0,3.53616,0.564696,1,0,0,0,1,0,0,0,1,0,0,0,938,938,938,938,0.05
4.69,1,9.69567,-33.4347,0,3.54601,0.68466,1,0,0,0,1,0,0,0,1,0,0,0,940,940,940,940,0.05
4.7,1,9.73118,-33.4273,0,3.55583,0.80545,1,0,0,0,1,0,0,0,1,0,0,0,942,942,942,942,0.05
4.71,1,9.76679,-33.4186,0,3.56563,0.927067,1,0,0,0,1,0,0,0,1,0,0,0,944,944,944,944,0.05
4.72,1,9.80249,-33.4087,0,3.57539,1.04951,1,0,0,0,1,0,0,0,1,0,0,0,946,946,946,946,0.05
4.73,1,9.83829,-33.3976,0,3.58511,1.17278,1,0,0,0,1,0,0,0,1,0,0,0,948,948,948,948,0.05
4.74,1,9.87419,-33.3853,0,3.5948,1.29687,1,0,0,0,1,0,0,0,1,0,0,0,950,950,950,950,0.05
4.75,1,9.91019,-33.3717,0,3.60446,1.42178,1,0,0,0,1,0,0,0,1,0,0,0,952,952,952,952,0.05
4.76,1,9.94628,-33.3568,0,3.61407,1.54751,1,0,0,0,1,0,0,0,1,0,0,0,954,954,954,954,0.05
4.77,1,9.98247,-33.3407,0,3.62365,1.67407,1,0,0,0,1,0,0,0,1,0,0,0,956,956,956,956,0.05
4.78,1,10.0188,-33.3233,0,3.63318,1.80144,1,0,0,0,1,0,0,0,1,0,0,0,958,958,958,958,0.05
4.79,1,10.0551,-33.3047,0,3.64267,1.92963,1,0,0,0,1,0,0,0,1,0,0,0,960,960,960,960,0.05
4.8,1,10.0916,-33.2847,0,3.65212,2.05863,1,0,0,0,1,0,0,0,1,0,0,0,962,962,962,962,0.05
4.81,1,10.1282,-33.2635,0,3.66151,2.18844,1,0,0,0,1,0,0,0,1,0,0,0,964,964,964,964,0.05
4.82,1,10.1648,-33.241,0,3.67086,2.31906,1,0,0,0,1,0,0,0,1,0,0,0,966,966,966,966,0.05
4.83,1,10.2016,-33.2171,0,3.68015,2.45049,1,0,0,0,1,0,0,0,1,0,0,0,968,968,968,968,0.05
4.84,1,10.2384,-33.192,0,3.68939,2.58272,1,0,0,0,1,0,0,0,1,0,0,0,970,970,970,970,0.05
4.85,1,10.2754,-33.1655,0,3.69858,2.71574,1,0,0,0,1,0,0,0,1,0,0,0,972,972,972,972,0.05
4.86,1,10.3124,-33.1376,0,3.7077,2.84956,1,0,0,0,1,0,0,0,1,0,0,0,974,974,974,974,0.05
4.87,1,10.3495,-33.1085,0,3.71676,2.98417,1,0,0,0,1,0,0,0,1,0,0,0,976,976,976,976,0.05
4.88,1,10.3867,-33.0779,0,3.72576,3.11956,1,0,0,0,1,0,0,0,1,0,0,0,978,978,978,978,0.05
4.89,1,10.424,-33.0461,0,3.73468,3.25573,1,0,0,0,1,0,0,0,1,0,0,0,980,980,980,980,0.05
4.9,1,10.4614,-33.0128,0,3.74354,3.39268,1,0,0,0,1,0,0,0,1,0,0,0,982,982,982,982,0.05
4.91,1,10.4989,-32.9782,0,3.75232,3.53039,1,0,0,0,1,0,0,0,1,0,0,0,984,984,984,984,0.05
4.92,1,10.5365,-32.9422,0,3.76103,3.66886,1,0,0,0,1,0,0,0,1,0,0,0,986,986,986,986,0.05
4.93,1,10.5741,-32.9048,0,3.76966,3.80809,1,0,0,0,1,0,0,0,1,0,0,0,988,988,988,988,0.05
4.94,1,10.6119,-32.8661,0,3.7782,3.94807,1,0,0,0,1,0,0,0,1,0,0,0,990,990,990,990,0.05
4.95,1,10.6497,-32.8259,0,3.78666,4.08879,1,0,0,0,1,0,0,0,1,0,0,0,992,992,992,992,0.05
4.96,1,10.6876,-32.7843,0,3.79503,4.23024,1,0,0,0,1,0,0,0,1,0,0,0,994,994,994,994,0.05
4.97,1,10.7256,-32.7413,0,3.80331,4.37242,1,0,0,0,1,0,0,0,1,0,0,0,996,996,996,996,0.05
4.98,1,10.7637,-32.6968,0,3.81149,4.51531,1,0,0,0,1,0,0,0,1,0,0,0,998,998,998,998,0.05
4.99,1,10.8018,-32.651,0,3.81957,4.65891,1,0,0,0,1,0,0,0,1,0,0,0,1000,1000,1000,1000,0.05
5,1,10.8401,-32.6036,0,3.82755,4.8032,1,0,0,0,1,0,0,0,1,0,0,0,1002,1002,1002,1002,0.05
5.01,1,10.8784,-32.5549,0,3.83542,4.94818,1,0,0,0,1,0,0,0,1,0,0,0,1004,1004,1004,1004,0.05
5.02,1,10.9168,-32.5047,0,3.84318,5.09384,1,0,0,0,1,0,0,0,1,0,0,0,1006,1006,1006,1006,0.05
5.03,1,10.9552,-32.453,0,3.85083,5.24016,1,0,0,0,1,0,0,0,1,0,0,0,1008,1008,1008,1008,0.05
5.04,1,10.9938,-32.3999,0,3.85836,5.38713,1,0,0,0,1,0,0,0,1,0,0,0,1010,1010,1010,1010,0.05
5.05,1,11.0324,-32.3453,0,3.86576,5.53475,1,0,0,0,1,0,0,0,1,0,0,0,1012,1012,1012,1012,0.05
5.06,1,11.0711,-32.2892,0,3.87305,5.68299,1,0,0,0,1,0,0,0,1,0,0,0,1014,1014,1014,1014,0.05
5.07,1,11.1099,-32.2316,0,3.8802,5.83185,1,0,0,0,1,0,0,0,1,0,0,0,1016,1016,1016,1016,0.05
5.08,1,11.1487,-32.1725,0,3.88722,5.98131,1,0,0,0,1,0,0,0,1,0,0,0,1018,1018,1018,1018,0.05
5.09,1,11.1876,-32.112,0,3.8941,6.13135,1,0,0,0,1,0,0,0,1,0,0,0,1020,1020,1020,1020,0.05
5.1,1,11.2266,-32.0499,0,3.90085,6.28197,1,0,0,0,1,0,0,0,1,0,0,0,1022,1022,1022,1022,0.05
5.11,1,11.2656,-31.9863,0,3.90744,6.43315,1,0,0,0,1,0,0,0,1,0,0,0,1024,1024,1024,1024,0.05
5.12,1,11.3047,-31.9212,0,3.91389,6.58487,1,0,0,0,1,0,0,0,1,0,0,0,1026,1026,1026,1026,0.05
5.13,1,11.3439,-31.8546,0,3.92019,6.73712,1,0,0,0,1,0,0,0,1,0,0,0,1028,1028,1028,1028,0.05
5.14,1,11.3831,-31.7865,0,3.92632,6.88988,1,0,0,0,1,0,0,0,1,0,0,0,1030,1030,1030,1030,0.05
5.15,1,11.4224,-31.7168,0,3.9323,7.04312,1,0,0,0,1,0,0,0,1,0,0,0,1032,1032,1032,1032,0.05
5.16,1,11.4618,-31.6456,0,3.93811,7.19685,1,0,0,0,1,0,0,0,1,0,0,0,1034,1034,1034,1034,0.05
5.17,1,11.5012,-31.5729,0,3.94375,7.35103,1,0,0,0,1,0,0,0,1,0,0,0,1036,1036,1036,1036,0.05
5.18,1,11.5407,-31.4986,0,3.94922,7.50565,1,0,0,0,1,0,0,0,1,0,0,0,1038,1038,1038,1038,0.05
5.19,1,11.5802,-31.4228,0,3.95451,7.66068,1,0,0,0,1,0,0,0,1,0,0,0,1040,1040,1040,1040,0.05
5.2,1,11.6198,-31.3454,0,3.95962,7.81612,1,0,0,0,1,0,0,0,1,0,0,0,1042,1042,1042,1042,0.05
5.21,1,11.6594,-31.2665,0,3.96455,7.97193,1,0,0,0,1,0,0,0,1,0,0,0,1044,1044,1044,1044,0.05
5.22,1,11.699,-31.186,0,3.96928,8.12811,1,0,0,0,1,0,0,0,1,0,0,0,1046,1046,1046,1046,0.05
5.23,1,11.7388,-31.1039,0,3.97382,8.28461,1,0,0,0,1,0,0,0,1,0,0,0,1048,1048,1048,1048,0.05
5.24,1,11.7785,-31.0203,0,3.97816,8.44144,1,0,0,0,1,0,0,0,1,0,0,0,1050,1050,1050,1050,0.05
5.25,1,11.8183,-30.9351,0,3.9823,8.59856,1,0,0,0,1,0,0,0,1,0,0,0,1052,1052,1052,1052,0.05
5.26,1,11.8582,-30.8483,0,3.98624,8.75595,1,0,0,0,1,0,0,0,1,0,0,0,1054,1054,1054,1054,0.05
5.27,1,11.898,-30.7599,0,3.98996,8.91358,1,0,0,0,1,0,0,0,1,0,0,0,1056,1056,1056,1056,0.05
5.28,1,11.938,-30.67,0,3.99347,9.07144,1,0,0,0,1,0,0,0,1,0,0,0,1058,1058,1058,1058,0.05
5.29,1,11.9779,-30.5785,0,3.99677,9.22951,1,0,0,0,1,0,0,0,1,0,0,0,1060,1060,1060,1060,0.05
5.3,1,12.0179,-30.4854,0,3.99984,9.38774,1,0,0,0,1,0,0,0,1,0,0,0,1062,1062,1062,1062,0.05
5.31,1,12.0579,-30.3908,0,4.00268,9.54613,1,0,0,0,1,0,0,0,1,0,0,0,1064,1064,1064,1064,0.05
5.32,1,12.098,-30.2945,0,4.0053,9.70465,1,0,0,0,1,0,0,0,1,0,0,0,1066,1066,1066,1066,0.05
5.33,1,12.138,-30.1967,0,4.00768,9.86327,1,0,0,0,1,0,0,0,1,0,0,0,1068,1068,1068,1068,0.05
5.34,1,12.1781,-30.0972,0,4.00983,10.022,1,0,0,0,1,0,0,0,1,0,0,0,1070,1070,1070,1070,0.05
5.35,1,12.2182,-29.9962,0,4.01174,10.1807,1,0,0,0,1,0,0,0,1,0,0,0,1072,1072,1072,1072,0.05
5.36,1,12.2583,-29.8936,0,4.01341,10.3395,1,0,0,0,1,0,0,0,1,0,0,0,1074,1074,1074,1074,0.05
5.37,1,12.2985,-29.7894,0,4.01483,10.4982,1,0,0,0,1,0,0,0,1,0,0,0,1076,1076,1076,1076,0.05
5.38,1,12.3386,-29.6837,0,4.016,10.657,1,0,0,0,1,0,0,0,1,0,0,0,1078,1078,1078,1078,0.05
5.39,1,12.3788,-29.5763,0,4.01691,10.8156,1,0,0,0,1,0,0,0,1,0,0,0,1080,1080,1080,1080,0.05
5.4,1,12.419,-29.4674,0,4.01757,10.9742,1,0,0,0,1,0,0,0,1,0,0,0,1082,1082,1082,1082,0.05
5.41,1,12.4592,-29.3568,0,4.01798,11.1327,1,0,0,0,1,0,0,0,1,0,0,0,1084,1084,1084,1084,0.05
5.42,1,12.4993,-29.2447,0,4.01812,11.291,1,0,0,0,1,0,0,0,1,0,0,0,1086,1086,1086,1086,0.05
5.43,1,12.5395,-29.131,0,4.01799,11.4492,1,0,0,0,1,0,0,0,1,0,0,0,1088,1088,1088,1088,0.05
5.44,1,12.5797,-29.0157,0,4.0176,11.6072,1,0,0,0,1,0,0,0,1,0,0,0,1090,1090,1090,1090,0.05
5.45,1,12.6199,-28.8989,0,4.01694,11.7649,1,0,0,0,1,0,0,0,1,0,0,0,1092,1092,1092,1092,0.05
5.46,1,12.66,-28.7804,0,4.01601,11.9224,1,0,0,0,1,0,0,0,1,0,0,0,1094,1094,1094,1094,0.05
5.47,1,12.7002,-28.6604,0,4.01481,12.0796,1,0,0,0,1,0,0,0,1,0,0,0,1096,1096,1096,1096,0.05
5.48,1,12.7403,-28.5388,0,4.01332,12.2365,1,0,0,0,1,0,0,0,1,0,0,0,1098,1098,1098,1098,0.05
5.49,1,12.7804,-28.4157,0,4.01156,12.3931,1,0,0,0,1,0,0,0,1,0,0,0,1100,1100,1100,1100,0.05
5.5,1,12.8206,-28.291,0,4.00952,12.5493,1,0,0,0,1,0,0,0,1,0,0,0,1102,1102,1102,1102,0.05
5.51,1,12.8606,-28.1647,0,4.0072,12.7051,1,0,0,0,1,0,0,0,1,0,0,0,1104,1104,1104,1104,0.05
5.52,1,12.9007,-28.0369,0,4.0046,12.8605,1,0,0,0,1,0,0,0,1,0,0,0,1106,1106,1106,1106,0.05
5.53,1,12.9407,-27.9075,0,4.00171,13.0154,1,0,0,0,1,0,0,0,1,0,0,0,1108,1108,1108,1108,0.05
5.54,1,12.9807,-27.7766,0,3.99853,13.1699,1,0,0,0,1,0,0,0,1,0,0,0,1110,1110,1110,1110,0.05
5.55,1,13.0207,-27.6441,0,3.99507,13.3239,1,0,0,0,1,0,0,0,1,0,0,0,1112,1112,1112,1112,0.05
5.56,1,13.0606,-27.5101,0,3.99132,13.4773,1,0,0,0,1,0,0,0,1,0,0,0,1114,1114,1114,1114,0.05
5.57,1,13.1005,-27.3745,0,3.98728,13.6301,1,0,0,0,1,0,0,0,1,0,0,0,1116,1116,1116,1116,0.05
5.58,1,13.1404,-27.2375,0,3.98296,13.7824,1,0,0,0,1,0,0,0,1,0,0,0,1118,1118,1118,1118,0.05
5.59,1,13.1802,-27.0989,0,3.97834,13.9341,1,0,0,0,1,0,0,0,1,0,0,0,1120,1120,1120,1120,0.05
5.6,1,13.2199,-26.9588,0,3.97344,14.0851,1,0,0,0,1,0,0,0,1,0,0,0,1122,1122,1122,1122,0.05
5.61,1,13.2596,-26.8172,0,3.96824,14.2355,1,0,0,0,1,0,0,0,1,0,0,0,1124,1124,1124,1124,0.05
5.62,1,13.2993,-26.6741,0,3.96276,14.3851,1,0,0,0,1,0,0,0,1,0,0,0,1126,1126,1126,1126,0.05
5.63,1,13.3389,-26.5295,0,3.95698,14.5341,1,0,0,0,1,0,0,0,1,0,0,0,1128,1128,1128,1128,0.05
5.64,1,13.3784,-26.3834,0,3.95092,14.6823,1,0,0,0,1,0,0,0,1,0,0,0,1130,1130,1130,1130,0.05
5.65,1,13.4179,-26.2359,0,3.94457,14.8298,1,0,0,0,1,0,0,0,1,0,0,0,1132,1132,1132,1132,0.05
5.66,1,13.4573,-26.0868,0,3.93793,14.9764,1,0,0,0,1,0,0,0,1,0,0,0,1134,1134,1134,1134,0.05
5.67,1,13.4967,-25.9363,0,3.93101,15.1223,1,0,0,0,1,0,0,0,1,0,0,0,1136,1136,1136,1136,0.05
5.68,1,13.536,-25.7844,0,3.9238,15.2673,1,0,0,0,1,0,0,0,1,0,0,0,1138,1138,1138,1138,0.05
5.69,1,13.5752,-25.631,0,3.9163,15.4114,1,0,0,0,1,0,0,0,1,0,0,0,1140,1140,1140,1140,0.05
5.7,1,13.6143,-25.4762,0,3.90853,15.5547,1,0,0,0,1,0,0,0,1,0,0,0,1142,1142,1142,1142,0.05
5.71,1,13.6533,-25.3199,0,3.90047,15.6971,1,0,0,0,1,0,0,0,1,0,0,0,1144,1144,1144,1144,0.05
5.72,1,13.6923,-25.1622,0,3.89214,15.8386,1,0,0,0,1,0,0,0,1,0,0,0,1146,1146,1146,1146,0.05
5.73,1,13.7312,-25.0031,0,3.88352,15.9791,1,0,0,0,1,0,0,0,1,0,0,0,1148,1148,1148,1148,0.05
5.74,1,13.77,-24.8426,0,3.87464,16.1187,1,0,0,0,1,0,0,0,1,0,0,0,1150,1150,1150,1150,0.05
5.75,1,13.8087,-24.6808,0,3.86547,16.2572,1,0,0,0,1,0,0,0,1,0,0,0,1152,1152,1152,1152,0.05
5.76,1,13.8473,-24.5175,0,3.85604,16.3948,1,0,0,0,1,0,0,0,1,0,0,0,1154,1154,1154,1154,0.05
5.77,1,13.8858,-24.3529,0,3.84635,16.5314,1,0,0,0,1,0,0,0,1,0,0,0,1156,1156,1156,1156,0.05
5.78,1,13.9242,-24.1869,0,3.83638,16.667,1,0,0,0,1,0,0,0,1,0,0,0,1158,1158,1158,1158,0.05
5.79,1,13.9625,-24.0195,0,3.82616,16.8015,1,0,0,0,1,0,0,0,1,0,0,0,1160,1160,1160,1160,0.05
5.8,1,14.0007,-23.8508,0,3.81567,16.935,1,0,0,0,1,0,0,0,1,0,0,0,1162,1162,1162,1162,0.05
5.81,1,14.0388,-23.6808,0,3.80494,17.0674,1,0,0,0,1,0,0,0,1,0,0,0,1164,1164,1164,1164,0.05
5.82,1,14.0768,-23.5095,0,3.79394,17.1987,1,0,0,0,1,0,0,0,1,0,0,0,1166,1166,1166,1166,0.05
5.83,1,14.1147,-23.3369,0,3.7827,17.3289,1,0,0,0,1,0,0,0,1,0,0,0,1168,1168,1168,1168,0.05
5.84,1,14.1525,-23.1629,0,3.77122,17.458,1,0,0,0,1,0,0,0,1,0,0,0,1170,1170,1170,1170,0.05
5.85,1,14.1901,-22.9877,0,3.75949,17.5859,1,0,0,0,1,0,0,0,1,0,0,0,1172,1172,1172,1172,0.05
5.86,1,14.2277,-22.8112,0,3.74752,17.7128,1,0,0,0,1,0,0,0,1,0,0,0,1174,1174,1174,1174,0.05
5.87,1,14.2651,-22.6335,0,3.73533,17.8385,1,0,0,0,1,0,0,0,1,0,0,0,1176,1176,1176,1176,0.05
5.88,1,14.3024,-22.4544,0,3.7229,17.9631,1,0,0,0,1,0,0,0,1,0,0,0,1178,1178,1178,1178,0.05
5.89,1,14.3395,-22.2742,0,3.71024,18.0865,1,0,0,0,1,0,0,0,1,0,0,0,1180,1180,1180,1180,0.05
5.9,1,14.3766,-22.0927,0,3.69737,18.2087,1,0,0,0,1,0,0,0,1,0,0,0,1182,1182,1182,1182,0.05
5.91,1,14.4135,-21.91,0,3.68427,18.3298,1,0,0,0,1,0,0,0,1,0,0,0,1184,1184,1184,1184,0.05
5.92,1,14.4502,-21.7261,0,3.67097,18.4497,1,0,0,0,1,0,0,0,1,0,0,0,1186,1186,1186,1186,0.05
5.93,1,14.4869,-21.541,0,3.65745,18.5684,1,0,0,0,1,0,0,0,1,0,0,0,1188,1188,1188,1188,0.05
5.94,1,14.5234,-21.3548,0,3.64373,18.6859,1,0,0,0,1,0,0,0,1,0,0,0,1190,1190,1190,1190,0.05
5.95,1,14.5598,-21.1673,0,3.62982,18.8023,1,0,0,0,1,0,0,0,1,0,0,0,1192,1192,1192,1192,0.05
5.96,1,14.596,-20.9787,0,3.61571,18.9174,1,0,0,0,1,0,0,0,1,0,0,0,1194,1194,1194,1194,0.05
5.97,1,14.6321,-20.789,0,3.60141,19.0314,1,0,0,0,1,0,0,0,1,0,0,0,1196,1196,1196,1196,0.05
5.98,1,14.668,-20.5981,0,3.58692,19.1442,1,0,0,0,1,0,0,0,1,0,0,0,1198,1198,1198,1198,0.05
5.99,1,14.7038,-20.4061,0,3.57226,19.2557,1,0,0,0,1,0,0,0,1,0,0,0,1200,1200,1200,1200,0.05
6,1,14.7395,-20.213,0,3.55742,19.3661,1,0,0,0,1,0,0,0,1,0,0,0,1202,1202,1202,1202,0.05
6.01,1,14.775,-20.0188,0,3.5424,19.4753,1,0,0,0,1,0,0,0,1,0,0,0,1204,1204,1204,1204,0.05
6.02,1,14.8103,-19.8235,0,3.52723,19.5833,1,0,0,0,1,0,0,0,1,0,0,0,1206,1206,1206,1206,0.05
6.03,1,14.8455,-19.6271,0,3.51189,19.6901,1,0,0,0,1,0,0,0,1,0,0,0,1208,1208,1208,1208,0.05
6.04,1,14.8805,-19.4297,0,3.4964,19.7958,1,0,0,0,1,0,0,0,1,0,0,0,1210,1210,1210,1210,0.05
6.05,1,14.9154,-19.2312,0,3.48076,19.9002,1,0,0,0,1,0,0,0,1,0,0,0,1212,1212,1212,1212,0.05
6.06,1,14.9502,-19.0317,0,3.46498,20.0035,1,0,0,0,1,0,0,0,1,0,0,0,1214,1214,1214,1214,0.05
6.07,1,14.9847,-18.8311,0,3.44905,20.1056,1,0,0,0,1,0,0,0,1,0,0,0,1216,1216,1216,1216,0.05
6.08,1,15.0191,-18.6296,0,3.43299,20.2065,1,0,0,0,1,0,0,0,1,0,0,0,1218,1218,1218,1218,0.05
6.09,1,15.0534,-18.427,0,3.4168,20.3062,1,0,0,0,1,0,0,0,1,0,0,0,1220,1220,1220,1220,0.05
6.1,1,15.0875,-18.2235,0,3.40049,20.4048,1,0,0,0,1,0,0,0,1,0,0,0,1222,1222,1222,1222,0.05
6.11,1,15.1214,-18.0189,0,3.38406,20.5023,1,0,0,0,1,0,0,0,1,0,0,0,1224,1224,1224,1224,0.05
6.12,1,15.1552,-17.8134,0,3.36751,20.5986,1,0,0,0,1,0,0,0,1,0,0,0,1226,1226,1226,1226,0.05
6.13,1,15.1888,-17.607,0,3.35085,20.6938,1,0,0,0,1,0,0,0,1,0,0,0,1228,1228,1228,1228,0.05
6.14,1,15.2222,-17.3995,0,3.33409,20.7878,1,0,0,0,1,0,0,0,1,0,0,0,1230,1230,1230,1230,0.05
6.15,1,15.2554,-17.1912,0,3.31723,20.8808,1,0,0,0,1,0,0,0,1,0,0,0,1232,1232,1232,1232,0.05
6.16,1,15.2885,-16.9819,0,3.30027,20.9726,1,0,0,0,1,0,0,0,1,0,0,0,1234,1234,1234,1234,0.05
6.17,1,15.3214,-16.7718,0,3.28323,21.0633,1,0,0,0,1,0,0,0,1,0,0,0,1236,1236,1236,1236,0.05
6.18,1,15.3542,-16.5607,0,3.2661,21.1529,1,0,0,0,1,0,0,0,1,0,0,0,1238,1238,1238,1238,0.05
6.19,1,15.3868,-16.3487,0,3.24889,21.2415,1,0,0,0,1,0,0,0,1,0,0,0,1240,1240,1240,1240,0.05
6.2,1,15.4192,-16.1358,0,3.2316,21.3289,1,0,0,0,1,0,0,0,1,0,0,0,1242,1242,1242,1242,0.05
6.21,1,15.4514,-15.9221,0,3.21424,21.4153,1,0,0,0,1,0,0,0,1,0,0,0,1244,1244,1244,1244,0.05
6.22,1,15.4834,-15.7075,0,3.19682,21.5007,1,0,0,0,1,0,0,0,1,0,0,0,1246,1246,1246,1246,0.05
6.23,1,15.5153,-15.4921,0,3.17934,21.585,1,0,0,0,1,0,0,0,1,0,0,0,1248,1248,1248,1248,0.05
6.24,1,15.547,-15.2758,0,3.1618,21.6683,1,0,0,0,1,0,0,0,1,0,0,0,1250,1250,1250,1250,0.05
6.25,1,15.5786,-15.0587,0,3.14421,21.7506,1,0,0,0,1,0,0,0,1,0,0,0,1252,1252,1252,1252,0.05
6.26,1,15.6099,-14.8408,0,3.12657,21.8319,1,0,0,0,1,0,0,0,1,0,0,0,1254,1254,1254,1254,0.05
6.27,1,15.6411,-14.6221,0,3.10888,21.9122,1,0,0,0,1,0,0,0,1,0,0,0,1256,1256,1256,1256,0.05
6.28,1,15.6721,-14.4026,0,3.09116,21.9915,1,0,0,0,1,0,0,0,1,0,0,0,1258,1258,1258,1258,0.05
6.29,1,15.7029,-14.1823,0,3.0734,22.0699,1,0,0,0,1,0,0,0,1,0,0,0,1260,1260,1260,1260,0.05
6.3,1,15.7336,-13.9612,0,3.05562,22.1473,1,0,0,0,1,0,0,0,1,0,0,0,1262,1262,1262,1262,0.05
6.31,1,15.764,-13.7393,0,3.0378,22.2237,1,0,0,0,1,0,0,0,1,0,0,0,1264,1264,1264,1264,0.05
6.32,1,15.7943,-13.5167,0,3.01997,22.2993,1,0,0,0,1,0,0,0,1,0,0,0,1266,1266,1266,1266,0.05
6.33,1,15.8244,-13.2934,0,3.00211,22.3739,1,0,0,0,1,0,0,0,1,0,0,0,1268,1268,1268,1268,0.05
6.34,1,15.8544,-13.0693,0,2.98424,22.4476,1,0,0,0,1,0,0,0,1,0,0,0,1270,1270,1270,1270,0.05
6.35,1,15.8841,-12.8444,0,2.96637,22.5204,1,0,0,0,1,0,0,0,1,0,0,0,1272,1272,1272,1272,0.05
6.36,1,15.9137,-12.6188,0,2.94848,22.5924,1,0,0,0,1,0,0,0,1,0,0,0,1274,1274,1274,1274,0.05
6.37,1,15.9431,-12.3926,0,2.93059,22.6635,1,0,0,0,1,0,0,0,1,0,0,0,1276,1276,1276,1276,0.05
6.38,1,15.9723,-12.1656,0,2.9127,22.7337,1,0,0,0,1,0,0,0,1,0,0,0,1278,1278,1278,1278,0.05
6.39,1,16.0013,-11.9379,0,2.89482,22.8032,1,0,0,0,1,0,0,0,1,0,0,0,1280,1280,1280,1280,0.05
6.4,1,16.0302,-11.7095,0,2.87694,22.8718,1,0,0,0,1,0,0,0,1,0,0,0,1282,1282,1282,1282,0.05
6.41,1,16.0589,-11.4805,0,2.85908,22.9395,1,0,0,0,1,0,0,0,1,0,0,0,1284,1284,1284,1284,0.05
6.42,1,16.0874,-11.2507,0,2.84122,23.0065,1,0,0,0,1,0,0,0,1,0,0,0,1286,1286,1286,1286,0.05
6.43,1,16.1157,-11.0203,0,2.82339,23.0727,1,0,0,0,1,0,0,0,1,0,0,0,1288,1288,1288,1288,0.05
6.44,1,16.1438,-10.7893,0,2.80558,23.1382,1,0,0,0,1,0,0,0,1,0,0,0,1290,1290,1290,1290,0.05
6.45,1,16.1718,-10.5576,0,2.78779,23.2029,1,0,0,0,1,0,0,0,1,0,0,0,1292,1292,1292,1292,0.05
6.46,1,16.1996,-10.3252,0,2.77002,23.2668,1,0,0,0,1,0,0,0,1,0,0,0,1294,1294,1294,1294,0.05
6.47,1,16.2272,-10.0922,0,2.75229,23.3301,1,0,0,0,1,0,0,0,1,0,0,0,1296,1296,1296,1296,0.05
6.48,1,16.2546,-9.85863,0,2.73459,23.3926,1,0,0,0,1,0,0,0,1,0,0,0,1298,1298,1298,1298,0.05
6.49,1,16.2819,-9.62439,0,2.71692,23.4544,1,0,0,0,1,0,0,0,1,0,0,0,1300,1300,1300,1300,0.05
6.5,1,16.309,-9.38954,0,2.6993,23.5155,1,0,0,0,1,0,0,0,1,0,0,0,1302,1302,1302,1302,0.05
6.51,1,16.3359,-9.15408,0,2.68171,23.5759,1,0,0,0,1,0,0,0,1,0,0,0,1304,1304,1304,1304,0.05
6.52,1,16.3626,-8.91802,0,2.66417,23.6357,1,0,0,0,1,0,0,0,1,0,0,0,1306,1306,1306,1306,0.05
6.53,1,16.3892,-8.68137,0,2.64667,23.6948,1,0,0,0,1,0,0,0,1,0,0,0,1308,1308,1308,1308,0.05
6.54,1,16.4156,-8.44413,0,2.62922,23.7533,1,0,0,0,1,0,0,0,1,0,0,0,1310,1310,1310,1310,0.05
6.55,1,16.4418,-8.20631,0,2.61182,23.8112,1,0,0,0,1,0,0,0,1,0,0,0,1312,1312,1312,1312,0.05
6.56,1,16.4678,-7.96791,0,2.59447,23.8685,1,0,0,0,1,0,0,0,1,0,0,0,1314,1314,1314,1314,0.05
6.57,1,16.4937,-7.72894,0,2.57718,23.9251,1,0,0,0,1,0,0,0,1,0,0,0,1316,1316,1316,1316,0.05
6.58,1,16.5193,-7.48941,0,2.55994,23.9812,1,0,0,0,1,0,0,0,1,0,0,0,1318,1318,1318,1318,0.05
6.59,1,16.5448,-7.24932,0,2.54277,24.0367,1,0,0,0,1,0,0,0,1,0,0,0,1320,1320,1320,1320,0.05
6.6,1,16.5702,-7.00868,0,2.52565,24.0916,1,0,0,0,1,0,0,0,1,0,0,0,1322,1322,1322,1322,0.05
6.61,1,16.5954,-6.76749,0,2.5086,24.146,1,0,0,0,1,0,0,0,1,0,0,0,1324,1324,1324,1324,0.05
6.62,1,16.6204,-6.52576,0,2.49162,24.1998,1,0,0,0,1,0,0,0,1,0,0,0,1326,1326,1326,1326,0.05
6.63,1,16.6452,-6.28349,0,2.4747,24.2531,1,0,0,0,1,0,0,0,1,0,0,0,1328,1328,1328,1328,0.05
6.64,1,16.6699,-6.0407,0,2.45784,24.3058,1,0,0,0,1,0,0,0,1,0,0,0,1330,1330,1330,1330,0.05
6.65,1,16.6944,-5.79738,0,2.44106,24.3581,1,0,0,0,1,0,0,0,1,0,0,0,1332,1332,1332,1332,0.05
6.66,1,16.7187,-5.55354,0,2.42435,24.4099,1,0,0,0,1,0,0,0,1,0,0,0,1334,1334,1334,1334,0.05
6.67,1,16.7428,-5.30918,0,2.40771,24.4611,1,0,0,0,1,0,0,0,1,0,0,0,1336,1336,1336,1336,0.05
6.68,1,16.7668,-5.06432,0,2.39115,24.5119,1,0,0,0,1,0,0,0,1,0,0,0,1338,1338,1338,1338,0.05
6.69,1,16.7907,-4.81895,0,2.37467,24.5623,1,0,0,0,1,0,0,0,1,0,0,0,1340,1340,1340,1340,0.05
6.7,1,16.8143,-4.57307,0,2.35826,24.6122,1,0,0,0,1,0,0,0,1,0,0,0,1342,1342,1342,1342,0.05
6.71,1,16.8378,-4.3267,0,2.34193,24.6616,1,0,0,0,1,0,0,0,1,0,0,0,1344,1344,1344,1344,0.05
6.72,1,16.8612,-4.07984,0,2.32568,24.7106,1,0,0,0,1,0,0,0,1,0,0,0,1346,1346,1346,1346,0.05
6.73,1,16.8843,-3.83249,0,2.30951,24.7591,1,0,0,0,1,0,0,0,1,0,0,0,1348,1348,1348,1348,0.05
6.74,1,16.9074,-3.58466,0,2.29342,24.8073,1,0,0,0,1,0,0,0,1,0,0,0,1350,1350,1350,1350,0.05
6.75,1,16.9302,-3.33635,0,2.27742,24.855,1,0,0,0,1,0,0,0,1,0,0,0,1352,1352,1352,1352,0.05
6.76,1,16.9529,-3.08756,0,2.2615,24.9024,1,0,0,0,1,0,0,0,1,0,0,0,1354,1354,1354,1354,0.05
6.77,1,16.9754,-2.8383,0,2.24567,24.9493,1,0,0,0,1,0,0,0,1,0,0,0,1356,1356,1356,1356,0.05
6.78,1,16.9978,-2.58858,0,2.22992,24.9959,1,0,0,0,1,0,0,0,1,0,0,0,1358,1358,1358,1358,0.05
6.79,1,17.02,-2.33839,0,2.21426,25.0421,1,0,0,0,1,0,0,0,1,0,0,0,1360,1360,1360,1360,0.05
6.8,1,17.0421,-2.08774,0,2.19869,25.0879,1,0,0,0,1,0,0,0,1,0,0,0,1362,1362,1362,1362,0.05
6.81,1,17.064,-1.83663,0,2.18321,25.1334,1,0,0,0,1,0,0,0,1,0,0,0,1364,1364,1364,1364,0.05
6.82,1,17.0858,-1.58507,0,2.16782,25.1785,1,0,0,0,1,0,0,0,1,0,0,0,1366,1366,1366,1366,0.05
6.83,1,17.1074,-1.33306,0,2.15252,25.2233,1,0,0,0,1,0,0,0,1,0,0,0,1368,1368,1368,1368,0.05
6.84,1,17.1288,-1.0806,0,2.13731,25.2678,1,0,0,0,1,0,0,0,1,0,0,0,1370,1370,1370,1370,0.05
6.85,1,17.1501,-0.827706,0,2.12219,25.3119,1,0,0,0,1,0,0,0,1,0,0,0,1372,1372,1372,1372,0.05
6.86,1,17.1713,-0.574368,0,2.10717,25.3557,1,0,0,0,1,0,0,0,1,0,0,0,1374,1374,1374,1374,0.05
6.87,1,17.1923,-0.320593,0,2.09224,25.3992,1,0,0,0,1,0,0,0,1,0,0,0,1376,1376,1376,1376,0.05
6.88,1,17.2131,-0.0663851,0,2.0774,25.4424,1,0,0,0,1,0,0,0,1,0,0,0,1378,1378,1378,1378,0.05
6.89,1,17.2338,0.188254,0,2.06265,25.4853,1,0,0,0,1,0,0,0,1,0,0,0,1380,1380,1380,1380,0.05
6.9,1,17.2544,0.44332,0,2.048,25.5279,1,0,0,0,1,0,0,0,1,0,0,0,1382,1382,1382,1382,0.05
6.91,1,17.2748,0.698811,0,2.03345,25.5703,1,0,0,0,1,0,0,0,1,0,0,0,1384,1384,1384,1384,0.05
6.92,1,17.295,0.954724,0,2.01899,25.6123,1,0,0,0,1,0,0,0,1,0,0,0,1386,1386,1386,1386,0.05
6.93,1,17.3152,1.21106,0,2.00462,25.6541,1,0,0,0,1,0,0,0,1,0,0,0,1388,1388,1388,1388,0.05
6.94,1,17.3351,1.46781,0,1.99036,25.6956,1,0,0,0,1,0,0,0,1,0,0,0,1390,1390,1390,1390,0.05
6.95,1,17.355,1.72497,0,1.97618,25.7369,1,0,0,0,1,0,0,0,1,0,0,0,1392,1392,1392,1392,0.05
6.96,1,17.3746,1.98254,0,1.96211,25.7779,1,0,0,0,1,0,0,0,1,0,0,0,1394,1394,1394,1394,0.05
6.97,1,17.3942,2.24053,0,1.94813,25.8187,1,0,0,0,1,0,0,0,1,0,0,0,1396,1396,1396,1396,0.05
6.98,1,17.4136,2.49892,0,1.93425,25.8593,1,0,0,0,1,0,0,0,1,0,0,0,1398,1398,1398,1398,0.05
6.99,1,17.4329,2.75771,0,1.92046,25.8996,1,0,0,0,1,0,0,0,1,0,0,0,1400,1400,1400,1400,0.05
7,1,17.452,3.01691,0,1.90678,25.9397,1,0,0,0,1,0,0,0,1,0,0,0,1402,1402,1402,1402,0.05
7.01,1,17.471,3.2765,0,1.89318,25.9795,1,0,0,0,1,0,0,0,1,0,0,0,1404,1404,1404,1404,0.05
7.02,1,17.4899,3.5365,0,1.87969,26.0192,1,0,0,0,1,0,0,0,1,0,0,0,1406,1406,1406,1406,0.05
7.03,1,17.5086,3.79689,0,1.8663,26.0586,1,0,0,0,1,0,0,0,1,0,0,0,1408,1408,1408,1408,0.05
7.04,1,17.5272,4.05767,0,1.853,26.0978,1,0,0,0,1,0,0,0,1,0,0,0,1410,1410,1410,1410,0.05
7.05,1,17.5457,4.31884,0,1.8398,26.1369,1,0,0,0,1,0,0,0,1,0,0,0,1412,1412,1412,1412,0.05
7.06,1,17.564,4.58041,0,1.8267,26.1757,1,0,0,0,1,0,0,0,1,0,0,0,1414,1414,1414,1414,0.05
7.07,1,17.5822,4.84236,0,1.81369,26.2143,1,0,0,0,1,0,0,0,1,0,0,0,1416,1416,1416,1416,0.05
7.08,1,17.6003,5.10469,0,1.80078,26.2528,1,0,0,0,1,0,0,0,1,0,0,0,1418,1418,1418,1418,0.05
7.09,1,17.6182,5.36741,0,1.78797,26.291,1,0,0,0,1,0,0,0,1,0,0,0,1420,1420,1420,1420,0.05
7.1,1,17.636,5.63051,0,1.77526,26.3291,1,0,0,0,1,0,0,0,1,0,0,0,1422,1422,1422,1422,0.05
7.11,1,17.6537,5.89399,0,1.76264,26.367,1,0,0,0,1,0,0,0,1,0,0,0,1424,1424,1424,1424,0.05
7.12,1,17.6713,6.15785,0,1.75013,26.4048,1,0,0,0,1,0,0,0,1,0,0,0,1426,1426,1426,1426,0.05
7.13,1,17.6887,6.42209,0,1.7377,26.4423,1,0,0,0,1,0,0,0,1,0,0,0,1428,1428,1428,1428,0.05
7.14,1,17.706,6.6867,0,1.72538,26.4798,1,0,0,0,1,0,0,0,1,0,0,0,1430,1430,1430,1430,0.05
7.15,1,17.7232,6.95168,0,1.71315,26.517,1,0,0,0,1,0,0,0,1,0,0,0,1432,1432,1432,1432,0.05
7.16,1,17.7403,7.21704,0,1.70102,26.5541,1,0,0,0,1,0,0,0,1,0,0,0,1434,1434,1434,1434,0.05
7.17,1,17.7573,7.48276,0,1.68898,26.5911,1,0,0,0,1,0,0,0,1,0,0,0,1436,1436,1436,1436,0.05
7.18,1,17.7741,7.74886,0,1.67704,26.6279,1,0,0,0,1,0,0,0,1,0,0,0,1438,1438,1438,1438,0.05
7.19,1,17.7908,8.01532,0,1.66519,26.6645,1,0,0,0,1,0,0,0,1,0,0,0,1440,1440,1440,1440,0.05
7.2,1,17.8074,8.28215,0,1.65344,26.701,1,0,0,0,1,0,0,0,1,0,0,0,1442,1442,1442,1442,0.05
7.21,1,17.8239,8.54934,0,1.64179,26.7374,1,0,0,0,1,0,0,0,1,0,0,0,1444,1444,1444,1444,0.05
7.22,1,17.8402,8.8169,0,1.63023,26.7736,1,0,0,0,1,0,0,0,1,0,0,0,1446,1446,1446,1446,0.05
7.23,1,17.8565,9.08481,0,1.61876,26.8097,1,0,0,0,1,0,0,0,1,0,0,0,1448,1448,1448,1448,0.05
7.24,1,17.8726,9.35309,0,1.60739,26.8457,1,0,0,0,1,0,0,0,1,0,0,0,1450,1450,1450,1450,0.05
7.25,1,17.8886,9.62173,0,1.59611,26.8816,1,0,0,0,1,0,0,0,1,0,0,0,1452,1452,1452,1452,0.05
7.26,1,17.9045,9.89072,0,1.58493,26.9173,1,0,0,0,1,0,0,0,1,0,0,0,1454,1454,1454,1454,0.05
7.27,1,17.9203,10.1601,0,1.57384,26.9529,1,0,0,0,1,0,0,0,1,0,0,0,1456,1456,1456,1456,0.05
7.28,1,17.936,10.4298,0,1.56284,26.9884,1,0,0,0,1,0,0,0,1,0,0,0,1458,1458,1458,1458,0.05
7.29,1,17.9516,10.6998,0,1.55194,27.0238,1,0,0,0,1,0,0,0,1,0,0,0,1460,1460,1460,1460,0.05
7.3,1,17.967,10.9703,0,1.54112,27.059,1,0,0,0,1,0,0,0,1,0,0,0,1462,1462,1462,1462,0.05
7.31,1,17.9824,11.241,0,1.5304,27.0942,1,0,0,0,1,0,0,0,1,0,0,0,1464,1464,1464,1464,0.05
7.32,1,17.9977,11.5121,0,1.51977,27.1292,1,0,0,0,1,0,0,0,1,0,0,0,1466,1466,1466,1466,0.05
7.33,1,18.0128,11.7836,0,1.50923,27.1642,1,0,0,0,1,0,0,0,1,0,0,0,1468,1468,1468,1468,0.05
7.34,1,18.0278,12.0554,0,1.49878,27.199,1,0,0,0,1,0,0,0,1,0,0,0,1470,1470,1470,1470,0.05
7.35,1,18.0428,12.3276,0,1.48842,27.2337,1,0,0,0,1,0,0,0,1,0,0,0,1472,1472,1472,1472,0.05
7.36,1,18.0576,12.6001,0,1.47815,27.2684,1,0,0,0,1,0,0,0,1,0,0,0,1474,1474,1474,1474,0.05
7.37,1,18.0723,12.873,0,1.46797,27.3029,1,0,0,0,1,0,0,0,1,0,0,0,1476,1476,1476,1476,0.05
7.38,1,18.087,13.1462,0,1.45788,27.3374,1,0,0,0,1,0,0,0,1,0,0,0,1478,1478,1478,1478,0.05
7.39,1,18.1015,13.4197,0,1.44787,27.3717,1,0,0,0,1,0,0,0,1,0,0,0,1480,1480,1480,1480,0.05
7.4,1,18.1159,13.6936,0,1.43795,27.406,1,0,0,0,1,0,0,0,1,0,0,0,1482,1482,1482,1482,0.05
7.41,1,18.1303,13.9678,0,1.42813,27.4401,1,0,0,0,1,0,0,0,1,0,0,0,1484,1484,1484,1484,0.05
7.42,1,18.1445,14.2424,0,1.41838,27.4742,1,0,0,0,1,0,0,0,1,0,0,0,1486,1486,1486,1486,0.05
7.43,1,18.1586,14.5173,0,1.40873,27.5082,1,0,0,0,1,0,0,0,1,0,0,0,1488,1488,1488,1488,0.05
7.44,1,18.1727,14.7926,0,1.39916,27.5421,1,0,0,0,1,0,0,0,1,0,0,0,1490,1490,1490,1490,0.05
7.45,1,18.1866,15.0681,0,1.38967,27.576,1,0,0,0,1,0,0,0,1,0,0,0,1492,1492,1492,1492,0.05
7.46,1,18.2005,15.3441,0,1.38027,27.6097,1,0,0,0,1,0,0,0,1,0,0,0,1494,1494,1494,1494,0.05
7.47,1,18.2142,15.6203,0,1.37096,27.6434,1,0,0,0,1,0,0,0,1,0,0,0,1496,1496,1496,1496,0.05
7.48,1,18.2279,15.8969,0,1.36172,27.677,1,0,0,0,1,0,0,0,1,0,0,0,1498,1498,1498,1498,0.05
7.49,1,18.2414,16.1739,0,1.35257,27.7105,1,0,0,0,1,0,0,0,1,0,0,0,1500,1500,1500,1500,0.05
7.5,1,18.2549,16.4512,0,1.34351,27.744,1,0,0,0,1,0,0,0,1,0,0,0,1502,1502,1502,1502,0.05
7.51,1,18.2683,16.7288,0,1.33453,27.7773,1,0,0,0,1,0,0,0,1,0,0,0,1504,1504,1504,1504,0.05
7.52,1,18.2816,17.0067,0,1.32562,27.8106,1,0,0,0,1,0,0,0,1,0,0,0,1506,1506,1506,1506,0.05
7.53,1,18.2948,17.285,0,1.3168,27.8439,1,0,0,0,1,0,0,0,1,0,0,0,1508,1508,1508,1508,0.05
7.54,1,18.308,17.5636,0,1.30806,27.877,1,0,0,0,1,0,0,0,1,0,0,0,1510,1510,1510,1510,0.05
7.55,1,18.321,17.8425,0,1.2994,27.9101,1,0,0,0,1,0,0,0,1,0,0,0,1512,1512,1512,1512,0.05
7.56,1,18.3339,18.1218,0,1.29083,27.9432,1,0,0,0,1,0,0,0,1,0,0,0,1514,1514,1514,1514,0.05
7.57,1,18.3468,18.4014,0,1.28232,27.9761,1,0,0,0,1,0,0,0,1,0,0,0,1516,1516,1516,1516,0.05
7.58,1,18.3596,18.6813,0,1.2739,28.009,1,0,0,0,1,0,0,0,1,0,0,0,1518,1518,1518,1518,0.05
7.59,1,18.3723,18.9616,0,1.26556,28.0419,1,0,0,0,1,0,0,0,1,0,0,0,1520,1520,1520,1520,0.05
7.6,1,18.3849,19.2421,0,1.25729,28.0746,1,0,0,0,1,0,0,0,1,0,0,0,1522,1522,1522,1522,0.05
7.61,1,18.3974,19.523,0,1.2491,28.1073,1,0,0,0,1,0,0,0,1,0,0,0,1524,1524,1524,1524,0.05
7.62,1,18.4099,19.8043,0,1.24099,28.14,1,0,0,0,1,0,0,0,1,0,0,0,1526,1526,1526,1526,0.05
7.63,1,18.4223,20.0858,0,1.23295,28.1726,1,0,0,0,1,0,0,0,1,0,0,0,1528,1528,1528,1528,0.05
7.64,1,18.4345,20.3677,0,1.22499,28.2051,1,0,0,0,1,0,0,0,1,0,0,0,1530,1530,1530,1530,0.05
7.65,1,18.4468,20.6499,0,1.21711,28.2376,1,0,0,0,1,0,0,0,1,0,0,0,1532,1532,1532,1532,0.05
7.66,1,18.4589,20.9325,0,1.2093,28.27,1,0,0,0,1,0,0,0,1,0,0,0,1534,1534,1534,1534,0.05
7.67,1,18.4709,21.2154,0,1.20156,28.3024,1,0,0,0,1,0,0,0,1,0,0,0,1536,1536,1536,1536,0.05
7.68,1,18.4829,21.4985,0,1.19389,28.3347,1,0,0,0,1,0,0,0,1,0,0,0,1538,1538,1538,1538,0.05
7.69,1,18.4948,21.782,0,1.1863,28.367,1,0,0,0,1,0,0,0,1,0,0,0,1540,1540,1540,1540,0.05
7.7,1,18.5066,22.0659,0,1.17878,28.3992,1,0,0,0,1,0,0,0,1,0,0,0,1542,1542,1542,1542,0.05
7.71,1,18.5184,22.35,0,1.17133,28.4313,1,0,0,0,1,0,0,0,1,0,0,0,1544,1544,1544,1544,0.05
7.72,1,18.5301,22.6345,0,1.16395,28.4634,1,0,0,0,1,0,0,0,1,0,0,0,1546,1546,1546,1546,0.05
7.73,1,18.5417,22.9193,0,1.15665,28.4955,1,0,0,0,1,0,0,0,1,0,0,0,1548,1548,1548,1548,0.05
7.74,1,18.5532,23.2044,0,1.14941,28.5275,1,0,0,0,1,0,0,0,1,0,0,0,1550,1550,1550,1550,0.05
7.75,1,18.5647,23.4898,0,1.14224,28.5594,1,0,0,0,1,0,0,0,1,0,0,0,1552,1552,1552,1552,0.05
7.76,1,18.576,23.7756,0,1.13514,28.5913,1,0,0,0,1,0,0,0,1,0,0,0,1554,1554,1554,1554,0.05
7.77,1,18.5874,24.0617,0,1.12811,28.6232,1,0,0,0,1,0,0,0,1,0,0,0,1556,1556,1556,1556,0.05
7.78,1,18.5986,24.3481,0,1.12115,28.655,1,0,0,0,1,0,0,0,1,0,0,0,1558,1558,1558,1558,0.05
7.79,1,18.6098,24.6348,0,1.11426,28.6868,1,0,0,0,1,0,0,0,1,0,0,0,1560,1560,1560,1560,0.05
7.8,1,18.6209,24.9218,0,1.10743,28.7185,1,0,0,0,1,0,0,0,1,0,0,0,1562,1562,1562,1562,0.05
7.81,1,18.6319,25.2091,0,1.10067,28.7502,1,0,0,0,1,0,0,0,1,0,0,0,1564,1564,1564,1564,0.05
7.82,1,18.6429,25.4968,0,1.09397,28.7818,1,0,0,0,1,0,0,0,1,0,0,0,1566,1566,1566,1566,0.05
7.83,1,18.6538,25.7848,0,1.08734,28.8134,1,0,0,0,1,0,0,0,1,0,0,0,1568,1568,1568,1568,0.05
7.84,1,18.6647,26.0731,0,1.08077,28.8449,1,0,0,0,1,0,0,0,1,0,0,0,1570,1570,1570,1570,0.05
7.85,1,18.6754,26.3617,0,1.07427,28.8764,1,0,0,0,1,0,0,0,1,0,0,0,1572,1572,1572,1572,0.05
7.86,1,18.6861,26.6506,0,1.06783,28.9079,1,0,0,0,1,0,0,0,1,0,0,0,1574,1574,1574,1574,0.05
7.87,1,18.6968,26.9398,0,1.06145,28.9393,1,0,0,0,1,0,0,0,1,0,0,0,1576,1576,1576,1576,0.05
7.88,1,18.7074,27.2294,0,1.05514,28.9707,1,0,0,0,1,0,0,0,1,0,0,0,1578,1578,1578,1578,0.05
7.89,1,18.7179,27.5192,0,1.04888,29.002,1,0,0,0,1,0,0,0,1,0,0,0,1580,1580,1580,1580,0.05
7.9,1,18.7284,27.8094,0,1.04269,29.0333,1,0,0,0,1,0,0,0,1,0,0,0,1582,1582,1582,1582,0.05
7.91,1,18.7387,28.0999,0,1.03656,29.0646,1,0,0,0,1,0,0,0,1,0,0,0,1584,1584,1584,1584,0.05
7.92,1,18.7491,28.3907,0,1.03049,29.0958,1,0,0,0,1,0,0,0,1,0,0,0,1586,1586,1586,1586,0.05
7.93,1,18.7594,28.6818,0,1.02448,29.127,1,0,0,0,1,0,0,0,1,0,0,0,1588,1588,1588,1588,0.05
7.94,1,18.7696,28.9733,0,1.01853,29.1581,1,0,0,0,1,0,0,0,1,0,0,0,1590,1590,1590,1590,0.05
7.95,1,18.7797,29.265,0,1.01264,29.1892,1,0,0,0,1,0,0,0,1,0,0,0,1592,1592,1592,1592,0.05
7.96,1,18.7898,29.557,0,1.0068,29.2203,1,0,0,0,1,0,0,0,1,0,0,0,1594,1594,1594,1594,0.05
7.97,1,18.7999,29.8494,0,1.00103,29.2513,1,0,0,0,1,0,0,0,1,0,0,0,1596,1596,1596,1596,0.05
7.98,1,18.8098,30.1421,0,0.995309,29.2823,1,0,0,0,1,0,0,0,1,0,0,0,1598,1598,1598,1598,0.05
7.99,1,18.8198,30.435,0,0.989647,29.3132,1,0,0,0,1,0,0,0,1,0,0,0,1600,1600,1600,1600,0.05
8,1,18.8296,30.7283,0,0.98404,29.3442,1,0,0,0,1,0,0,0,1,0,0,0,1602,1602,1602,1602,0.05
8.01,1,18.8395,31.0219,0,0.978489,29.375,1,0,0,0,1,0,0,0,1,0,0,0,1604,1604,1604,1604,0.05
8.02,1,18.8492,31.3158,0,0.972994,29.4059,1,0,0,0,1,0,0,0,1,0,0,0,1606,1606,1606,1606,0.05
8.03,1,18.8589,31.61,0,0.967552,29.4367,1,0,0,0,1,0,0,0,1,0,0,0,1608,1608,1608,1608,0.05
8.04,1,18.8686,31.9046,0,0.962165,29.4675,1,0,0,0,1,0,0,0,1,0,0,0,1610,1610,1610,1610,0.05
8.05,1,18.8782,32.1994,0,0.956832,29.4982,1,0,0,0,1,0,0,0,1,0,0,0,1612,1612,1612,1612,0.05
8.06,1,18.8877,32.4945,0,0.951552,29.5289,1,0,0,0,1,0,0,0,1,0,0,0,1614,1614,1614,1614,0.05
8.07,1,18.8972,32.79,0,0.946324,29.5596,1,0,0,0,1,0,0,0,1,0,0,0,1616,1616,1616,1616,0.05
8.08,1,18.9066,33.0857,0,0.941149,29.5902,1,0,0,0,1,0,0,0,1,0,0,0,1618,1618,1618,1618,0.05
8.09,1,18.916,33.3818,0,0.936025,29.6208,1,0,0,0,1,0,0,0,1,0,0,0,1620,1620,1620,1620,0.05
8.1,1,18.9253,33.6781,0,0.930952,29.6514,1,0,0,0,1,0,0,0,1,0,0,0,1622,1622,1622,1622,0.05
8.11,1,18.9346,33.9748,0,0.92593,29.6819,1,0,0,0,1,0,0,0,1,0,0,0,1624,1624,1624,1624,0.05
8.12,1,18.9439,34.2718,0,0.920958,29.7124,1,0,0,0,1,0,0,0,1,0,0,0,1626,1626,1626,1626,0.05
8.13,1,18.953,34.5691,0,0.916036,29.7429,1,0,0,0,1,0,0,0,1,0,0,0,1628,1628,1628,1628,0.05
8.14,1,18.9622,34.8666,0,0.911163,29.7734,1,0,0,0,1,0,0,0,1,0,0,0,1630,1630,1630,1630,0.05
8.15,1,18.9713,35.1645,0,0.906339,29.8038,1,0,0,0,1,0,0,0,1,0,0,0,1632,1632,1632,1632,0.05
8.16,1,18.9803,35.4627,0,0.901563,29.8341,1,0,0,0,1,0,0,0,1,0,0,0,1634,1634,1634,1634,0.05
8.17,1,18.9893,35.7612,0,0.896835,29.8645,1,0,0,0,1,0,0,0,1,0,0,0,1636,1636,1636,1636,0.05
8.18,1,18.9982,36.06,0,0.892154,29.8948,1,0,0,0,1,0,0,0,1,0,0,0,1638,1638,1638,1638,0.05
8.19,1,19.0071,36.3591,0,0.88752,29.9251,1,0,0,0,1,0,0,0,1,0,0,0,1640,1640,1640,1640,0.05
8.2,1,19.016,36.6585,0,0.882933,29.9554,1,0,0,0,1,0,0,0,1,0,0,0,1642,1642,1642,1642,0.05
8.21,1,19.0248,36.9582,0,0.878391,29.9856,1,0,0,0,1,0,0,0,1,0,0,0,1644,1644,1644,1644,0.05
8.22,1,19.0336,37.2582,0,0.873895,30.0158,1,0,0,0,1,0,0,0,1,0,0,0,1646,1646,1646,1646,0.05
8.23,1,19.0423,37.5585,0,0.869444,30.046,1,0,0,0,1,0,0,0,1,0,0,0,1648,1648,1648,1648,0.05
8.24,1,19.051,37.8591,0,0.865038,30.0761,1,0,0,0,1,0,0,0,1,0,0,0,1650,1650,1650,1650,0.05
8.25,1,19.0596,38.16,0,0.860676,30.1062,1,0,0,0,1,0,0,0,1,0,0,0,1652,1652,1652,1652,0.05
8.26,1,19.0682,38.4613,0,0.856357,30.1363,1,0,0,0,1,0,0,0,1,0,0,0,1654,1654,1654,1654,0.05
8.27,1,19.0767,38.7628,0,0.852082,30.1663,1,0,0,0,1,0,0,0,1,0,0,0,1656,1656,1656,1656,0.05
8.28,1,19.0852,39.0646,0,0.84785,30.1964,1,0,0,0,1,0,0,0,1,0,0,0,1658,1658,1658,1658,0.05
8.29,1,19.0937,39.3667,0,0.84366,30.2264,1,0,0,0,1,0,0,0,1,0,0,0,1660,1660,1660,1660,0.05
8.3,1,19.1021,39.6691,0,0.839512,30.2563,1,0,0,0,1,0,0,0,1,0,0,0,1662,1662,1662,1662,0.05
8.31,1,19.1105,39.9718,0,0.835406,30.2863,1,0,0,0,1,0,0,0,1,0,0,0,1664,1664,1664,1664,0.05
8.32,1,19.1188,40.2748,0,0.83134,30.3162,1,0,0,0,1,0,0,0,1,0,0,0,1666,1666,1666,1666,0.05
8.33,1,19.1271,40.5781,0,0.827316,30.346,1,0,0,0,1,0,0,0,1,0,0,0,1668,1668,1668,1668,0.05
8.34,1,19.1353,40.8818,0,0.823331,30.3759,1,0,0,0,1,0,0,0,1,0,0,0,1670,1670,1670,1670,0.05
8.35,1,19.1436,41.1857,0,0.819387,30.4057,1,0,0,0,1,0,0,0,1,0,0,0,1672,1672,1672,1672,0.05
8.36,1,19.1517,41.4899,0,0.815482,30.4355,1,0,0,0,1,0,0,0,1,0,0,0,1674,1674,1674,1674,0.05
8.37,1,19.1599,41.7944,0,0.811616,30.4653,1,0,0,0,1,0,0,0,1,0,0,0,1676,1676,1676,1676,0.05
8.38,1,19.168,42.0992,0,0.807789,30.495,1,0,0,0,1,0,0,0,1,0,0,0,1678,1678,1678,1678,0.05
8.39,1,19.176,42.4043,0,0.803999,30.5248,1,0,0,0,1,0,0,0,1,0,0,0,1680,1680,1680,1680,0.05
8.4,1,19.184,42.7097,0,0.800248,30.5545,1,0,0,0,1,0,0,0,1,0,0,0,1682,1682,1682,1682,0.05
8.41,1,19.192,43.0154,0,0.796534,30.5841,1,0,0,0,1,0,0,0,1,0,0,0,1684,1684,1684,1684,0.05
8.42,1,19.2,43.3214,0,0.792857,30.6138,1,0,0,0,1,0,0,0,1,0,0,0,1686,1686,1686,1686,0.05
8.43,1,19.2079,43.6276,0,0.789217,30.6434,1,0,0,0,1,0,0,0,1,0,0,0,1688,1688,1688,1688,0.05
8.44,1,19.2158,43.9342,0,0.785613,30.673,1,0,0,0,1,0,0,0,1,0,0,0,1690,1690,1690,1690,0.05
8.45,1,19.2236,44.2411,0,0.782045,30.7025,1,0,0,0,1,0,0,0,1,0,0,0,1692,1692,1692,1692,0.05
8.46,1,19.2314,44.5483,0,0.778513,30.7321,1,0,0,0,1,0,0,0,1,0,0,0,1694,1694,1694,1694,0.05
8.47,1,19.2392,44.8557,0,0.775015,30.7616,1,0,0,0,1,0,0,0,1,0,0,0,1696,1696,1696,1696,0.05
8.48,1,19.2469,45.1635,0,0.771552,30.7911,1,0,0,0,1,0,0,0,1,0,0,0,1698,1698,1698,1698,0.05
8.49,1,19.2546,45.4716,0,0.768124,30.8205,1,0,0,0,1,0,0,0,1,0,0,0,1700,1700,1700,1700,0.05
8.5,1,19.2623,45.7799,0,0.76473,30.8499,1,0,0,0,1,0,0,0,1,0,0,0,1702,1702,1702,1702,0.05
8.51,1,19.2699,46.0886,0,0.761369,30.8794,1,0,0,0,1,0,0,0,1,0,0,0,1704,1704,1704,1704,0.05
8.52,1,19.2775,46.3975,0,0.758041,30.9087,1,0,0,0,1,0,0,0,1,0,0,0,1706,1706,1706,1706,0.05
8.53,1,19.285,46.7067,0,0.754746,30.9381,1,0,0,0,1,0,0,0,1,0,0,0,1708,1708,1708,1708,0.05
8.54,1,19.2926,47.0163,0,0.751484,30.9674,1,0,0,0,1,0,0,0,1,0,0,0,1710,1710,1710,1710,0.05
8.55,1,19.3001,47.3261,0,0.748254,30.9967,1,0,0,0,1,0,0,0,1,0,0,0,1712,1712,1712,1712,0.05
8.56,1,19.3075,47.6362,0,0.745056,31.026,1,0,0,0,1,0,0,0,1,0,0,0,1714,1714,1714,1714,0.05
8.57,1,19.315,47.9466,0,0.741889,31.0553,1,0,0,0,1,0,0,0,1,0,0,0,1716,1716,1716,1716,0.05
8.58,1,19.3224,48.2573,0,0.738754,31.0845,1,0,0,0,1,0,0,0,1,0,0,0,1718,1718,1718,1718,0.05
8.59,1,19.3298,48.5683,0,0.735649,31.1138,1,0,0,0,1,0,0,0,1,0,0,0,1720,1720,1720,1720,0.05
8.6,1,19.3371,48.8796,0,0.732575,31.1429,1,0,0,0,1,0,0,0,1,0,0,0,1722,1722,1722,1722,0.05
8.61,1,19.3444,49.1912,0,0.72953,31.1721,1,0,0,0,1,0,0,0,1,0,0,0,1724,1724,1724,1724,0.05
8.62,1,19.3517,49.503,0,0.726516,31.2013,1,0,0,0,1,0,0,0,1,0,0,0,1726,1726,1726,1726,0.05
8.63,1,19.3589,49.8152,0,0.723531,31.2304,1,0,0,0,1,0,0,0,1,0,0,0,1728,1728,1728,1728,0.05
8.64,1,19.3662,50.1276,0,0.720575,31.2595,1,0,0,0,1,0,0,0,1,0,0,0,1730,1730,1730,1730,0.05
8.65,1,19.3733,50.4404,0,0.717648,31.2885,1,0,0,0,1,0,0,0,1,0,0,0,1732,1732,1732,1732,0.05
8.66,1,19.3805,50.7534,0,0.714749,31.3176,1,0,0,0,1,0,0,0,1,0,0,0,1734,1734,1734,1734,0.05
8.67,1,19.3876,51.0667,0,0.711878,31.3466,1,0,0,0,1,0,0,0,1,0,0,0,1736,1736,1736,1736,0.05
8.68,1,19.3947,51.3803,0,0.709036,31.3756,1,0,0,0,1,0,0,0,1,0,0,0,1738,1738,1738,1738,0.05
8.69,1,19.4018,51.6942,0,0.70622,31.4046,1,0,0,0,1,0,0,0,1,0,0,0,1740,1740,1740,1740,0.05
8.7,1,19.4089,52.0084,0,0.703432,31.4336,1,0,0,0,1,0,0,0,1,0,0,0,1742,1742,1742,1742,0.05
8.71,1,19.4159,52.3229,0,0.700671,31.4625,1,0,0,0,1,0,0,0,1,0,0,0,1744,1744,1744,1744,0.05
8.72,1,19.4229,52.6377,0,0.697937,31.4914,1,0,0,0,1,0,0,0,1,0,0,0,1746,1746,1746,1746,0.05
8.73,1,19.4299,52.9527,0,0.695228,31.5203,1,0,0,0,1,0,0,0,1,0,0,0,1748,1748,1748,1748,0.05
8.74,1,19.4368,53.2681,0,0.692546,31.5492,1,0,0,0,1,0,0,0,1,0,0,0,1750,1750,1750,1750,0.05
8.75,1,19.4437,53.5837,0,0.689889,31.578,1,0,0,0,1,0,0,0,1,0,0,0,1752,1752,1752,1752,0.05
8.76,1,19.4506,53.8996,0,0.687258,31.6068,1,0,0,0,1,0,0,0,1,0,0,0,1754,1754,1754,1754,0.05
8.77,1,19.4574,54.2158,0,0.684652,31.6356,1,0,0,0,1,0,0,0,1,0,0,0,1756,1756,1756,1756,0.05
8.78,1,19.4643,54.5323,0,0.682071,31.6644,1,0,0,0,1,0,0,0,1,0,0,0,1758,1758,1758,1758,0.05
8.79,1,19.4711,54.8491,0,0.679514,31.6932,1,0,0,0,1,0,0,0,1,0,0,0,1760,1760,1760,1760,0.05
8.8,1,19.4779,55.1662,0,0.676981,31.7219,1,0,0,0,1,0,0,0,1,0,0,0,1762,1762,1762,1762,0.05
8.81,1,19.4846,55.4836,0,0.674473,31.7506,1,0,0,0,1,0,0,0,1,0,0,0,1764,1764,1764,1764,0.05
8.82,1,19.4914,55.8012,0,0.671988,31.7793,1,0,0,0,1,0,0,0,1,0,0,0,1766,1766,1766,1766,0.05
8.83,1,19.4981,56.1192,0,0.669527,31.808,1,0,0,0,1,0,0,0,1,0,0,0,1768,1768,1768,1768,0.05
8.84,1,19.5048,56.4374,0,0.667088,31.8366,1,0,0,0,1,0,0,0,1,0,0,0,1770,1770,1770,1770,0.05
8.85,1,19.5114,56.7559,0,0.664673,31.8653,1,0,0,0,1,0,0,0,1,0,0,0,1772,1772,1772,1772,0.05
8.86,1,19.518,57.0747,0,0.66228,31.8939,1,0,0,0,1,0,0,0,1,0,0,0,1774,1774,1774,1774,0.05
8.87,1,19.5247,57.3938,0,0.65991,31.9224,1,0,0,0,1,0,0,0,1,0,0,0,1776,1776,1776,1776,0.05
8.88,1,19.5312,57.7131,0,0.657561,31.951,1,0,0,0,1,0,0,0,1,0,0,0,1778,1778,1778,1778,0.05
8.89,1,19.5378,58.0328,0,0.655235,31.9796,1,0,0,0,1,0,0,0,1,0,0,0,1780,1780,1780,1780,0.05
8.9,1,19.5443,58.3527,0,0.65293,32.0081,1,0,0,0,1,0,0,0,1,0,0,0,1782,1782,1782,1782,0.05
8.91,1,19.5509,58.673,0,0.650646,32.0366,1,0,0,0,1,0,0,0,1,0,0,0,1784,1784,1784,1784,0.05
8.92,1,19.5574,58.9935,0,0.648383,32.0651,1,0,0,0,1,0,0,0,1,0,0,0,1786,1786,1786,1786,0.05
8.93,1,19.5638,59.3143,0,0.646142,32.0935,1,0,0,0,1,0,0,0,1,0,0,0,1788,1788,1788,1788,0.05
8.94,1,19.5703,59.6353,0,0.64392,32.122,1,0,0,0,1,0,0,0,1,0,0,0,1790,1790,1790,1790,0.05
8.95,1,19.5767,59.9567,0,0.64172,32.1504,1,0,0,0,1,0,0,0,1,0,0,0,1792,1792,1792,1792,0.05
8.96,1,19.5831,60.2783,0,0.639539,32.1788,1,0,0,0,1,0,0,0,1,0,0,0,1794,1794,1794,1794,0.05
8.97,1,19.5895,60.6003,0,0.637378,32.2071,1,0,0,0,1,0,0,0,1,0,0,0,1796,1796,1796,1796,0.05
8.98,1,19.5959,60.9225,0,0.635237,32.2355,1,0,0,0,1,0,0,0,1,0,0,0,1798,1798,1798,1798,0.05
8.99,1,19.6022,61.245,0,0.633115,32.2638,1,0,0,0,1,0,0,0,1,0,0,0,1800,1800,1800,1800,0.05
9,1,19.6085,61.5678,0,0.631012,32.2922,1,0,0,0,1,0,0,0,1,0,0,0,1802,1802,1802,1802,0.05
9.01,1,19.6148,61.8908,0,0.628928,32.3205,1,0,0,0,1,0,0,0,1,0,0,0,1804,1804,1804,1804,0.05
9.02,1,19.6211,62.2142,0,0.626863,32.3487,1,0,0,0,1,0,0,0,1,0,0,0,1806,1806,1806,1806,0.05
9.03,1,19.6274,62.5378,0,0.624817,32.377,1,0,0,0,1,0,0,0,1,0,0,0,1808,1808,1808,1808,0.05
9.04,1,19.6336,62.8617,0,0.622788,32.4052,1,0,0,0,1,0,0,0,1,0,0,0,1810,1810,1810,1810,0.05
9.05,1,19.6398,63.1859,0,0.620778,32.4334,1,0,0,0,1,0,0,0,1,0,0,0,1812,1812,1812,1812,0.05
9.06,1,19.646,63.5104,0,0.618785,32.4616,1,0,0,0,1,0,0,0,1,0,0,0,1814,1814,1814,1814,0.05
9.07,1,19.6522,63.8351,0,0.616811,32.4898,1,0,0,0,1,0,0,0,1,0,0,0,1816,1816,1816,1816,0.05
9.08,1,19.6584,64.1602,0,0.614853,32.518,1,0,0,0,1,0,0,0,1,0,0,0,1818,1818,1818,1818,0.05
9.09,1,19.6645,64.4855,0,0.612913,32.5461,1,0,0,0,1,0,0,0,1,0,0,0,1820,1820,1820,1820,0.05
9.1,1,19.6706,64.8111,0,0.61099,32.5742,1,0,0,0,1,0,0,0,1,0,0,0,1822,1822,1822,1822,0.05
9.11,1,19.6767,65.137,0,0.609083,32.6023,1,0,0,0,1,0,0,0,1,0,0,0,1824,1824,1824,1824,0.05
9.12,1,19.6828,65.4631,0,0.607194,32.6304,1,0,0,0,1,0,0,0,1,0,0,0,1826,1826,1826,1826,0.05
9.13,1,19.6889,65.7896,0,0.60532,32.6585,1,0,0,0,1,0,0,0,1,0,0,0,1828,1828,1828,1828,0.05
9.14,1,19.6949,66.1163,0,0.603463,32.6865,1,0,0,0,1,0,0,0,1,0,0,0,1830,1830,1830,1830,0.05
9.15,1,19.7009,66.4433,0,0.601622,32.7145,1,0,0,0,1,0,0,0,1,0,0,0,1832,1832,1832,1832,0.05
9.16,1,19.7069,66.7706,0,0.599796,32.7426,1,0,0,0,1,0,0,0,1,0,0,0,1834,1834,1834,1834,0.05
9.17,1,19.7129,67.0982,0,0.597986,32.7705,1,0,0,0,1,0,0,0,1,0,0,0,1836,1836,1836,1836,0.05
9.18,1,19.7189,67.426,0,0.596192,32.7985,1,0,0,0,1,0,0,0,1,0,0,0,1838,1838,1838,1838,0.05
9.19,1,19.7248,67.7541,0,0.594413,32.8265,1,0,0,0,1,0,0,0,1,0,0,0,1840,1840,1840,1840,0.05
9.2,1,19.7308,68.0825,0,0.592649,32.8544,1,0,0,0,1,0,0,0,1,0,0,0,1842,1842,1842,1842,0.05
9.21,1,19.7367,68.4112,0,0.5909,32.8823,1,0,0,0,1,0,0,0,1,0,0,0,1844,1844,1844,1844,0.05
9.22,1,19.7426,68.7402,0,0.589165,32.9102,1,0,0,0,1,0,0,0,1,0,0,0,1846,1846,1846,1846,0.05
9.23,1,19.7485,69.0694,0,0.587445,32.9381,1,0,0,0,1,0,0,0,1,0,0,0,1848,1848,1848,1848,0.05
9.24,1,19.7544,69.3989,0,0.58574,32.9659,1,0,0,0,1,0,0,0,1,0,0,0,1850,1850,1850,1850,0.05
9.25,1,19.7602,69.7287,0,0.584048,32.9937,1,0,0,0,1,0,0,0,1,0,0,0,1852,1852,1852,1852,0.05
9.26,1,19.766,70.0588,0,0.582371,33.0216,1,0,0,0,1,0,0,0,1,0,0,0,1854,1854,1854,1854,0.05
9.27,1,19.7718,70.3892,0,0.580707,33.0494,1,0,0,0,1,0,0,0,1,0,0,0,1856,1856,1856,1856,0.05
9.28,1,19.7776,70.7198,0,0.579057,33.0771,1,0,0,0,1,0,0,0,1,0,0,0,1858,1858,1858,1858,0.05
9.29,1,19.7834,71.0507,0,0.577421,33.1049,1,0,0,0,1,0,0,0,1,0,0,0,1860,1860,1860,1860,0.05
9.3,1,19.7892,71.3819,0,0.575797,33.1327,1,0,0,0,1,0,0,0,1,0,0,0,1862,1862,1862,1862,0.05
9.31,1,19.7949,71.7134,0,0.574188,33.1604,1,0,0,0,1,0,0,0,1,0,0,0,1864,1864,1864,1864,0.05
9.32,1,19.8007,72.0451,0,0.572591,33.1881,1,0,0,0,1,0,0,0,1,0,0,0,1866,1866,1866,1866,0.05
9.33,1,19.8064,72.3771,0,0.571007,33.2158,1,0,0,0,1,0,0,0,1,0,0,0,1868,1868,1868,1868,0.05
9.34,1,19.8121,72.7094,0,0.569435,33.2435,1,0,0,0,1,0,0,0,1,0,0,0,1870,1870,1870,1870,0.05
9.35,1,19.8178,73.042,0,0.567876,33.2711,1,0,0,0,1,0,0,0,1,0,0,0,1872,1872,1872,1872,0.05
9.36,1,19.8235,73.3749,0,0.56633,33.2988,1,0,0,0,1,0,0,0,1,0,0,0,1874,1874,1874,1874,0.05
9.37,1,19.8291,73.708,0,0.564796,33.3264,1,0,0,0,1,0,0,0,1,0,0,0,1876,1876,1876,1876,0.05
9.38,1,19.8348,74.0414,0,0.563274,33.354,1,0,0,0,1,0,0,0,1,0,0,0,1878,1878,1878,1878,0.05
9.39,1,19.8404,74.3751,0,0.561764,33.3816,1,0,0,0,1,0,0,0,1,0,0,0,1880,1880,1880,1880,0.05
9.4,1,19.846,74.709,0,0.560265,33.4091,1,0,0,0,1,0,0,0,1,0,0,0,1882,1882,1882,1882,0.05
9.41,1,19.8516,75.0432,0,0.558779,33.4367,1,0,0,0,1,0,0,0,1,0,0,0,1884,1884,1884,1884,0.05
9.42,1,19.8572,75.3777,0,0.557304,33.4642,1,0,0,0,1,0,0,0,1,0,0,0,1886,1886,1886,1886,0.05
9.43,1,19.8627,75.7125,0,0.55584,33.4917,1,0,0,0,1,0,0,0,1,0,0,0,1888,1888,1888,1888,0.05
9.44,1,19.8683,76.0476,0,0.554387,33.5192,1,0,0,0,1,0,0,0,1,0,0,0,1890,1890,1890,1890,0.05
9.45,1,19.8738,76.3829,0,0.552946,33.5467,1,0,0,0,1,0,0,0,1,0,0,0,1892,1892,1892,1892,0.05
9.46,1,19.8793,76.7185,0,0.551516,33.5742,1,0,0,0,1,0,0,0,1,0,0,0,1894,1894,1894,1894,0.05
9.47,1,19.8848,77.0544,0,0.550096,33.6016,1,0,0,0,1,0,0,0,1,0,0,0,1896,1896,1896,1896,0.05
9.48,1,19.8903,77.3905,0,0.548687,33.629,1,0,0,0,1,0,0,0,1,0,0,0,1898,1898,1898,1898,0.05
9.49,1,19.8958,77.727,0,0.547289,33.6565,1,0,0,0,1,0,0,0,1,0,0,0,1900,1900,1900,1900,0.05
9.5,1,19.9013,78.0637,0,0.545901,33.6838,1,0,0,0,1,0,0,0,1,0,0,0,1902,1902,1902,1902,0.05
9.51,1,19.9067,78.4006,0,0.544524,33.7112,1,0,0,0,1,0,0,0,1,0,0,0,1904,1904,1904,1904,0.05
9.52,1,19.9122,78.7379,0,0.543156,33.7386,1,0,0,0,1,0,0,0,1,0,0,0,1906,1906,1906,1906,0.05
9.53,1,19.9176,79.0754,0,0.541799,33.7659,1,0,0,0,1,0,0,0,1,0,0,0,1908,1908,1908,1908,0.05
9.54,1,19.923,79.4132,0,0.540452,33.7933,1,0,0,0,1,0,0,0,1,0,0,0,1910,1910,1910,1910,0.05
9.55,1,19.9284,79.7513,0,0.539115,33.8206,1,0,0,0,1,0,0,0,1,0,0,0,1912,1912,1912,1912,0.05
9.56,1,19.9338,80.0896,0,0.537787,33.8479,1,0,0,0,1,0,0,0,1,0,0,0,1914,1914,1914,1914,0.05
9.57,1,19.9392,80.4282,0,0.536469,33.8751,1,0,0,0,1,0,0,0,1,0,0,0,1916,1916,1916,1916,0.05
9.58,1,19.9445,80.7671,0,0.53516,33.9024,1,0,0,0,1,0,0,0,1,0,0,0,1918,1918,1918,1918,0.05
9.59,1,19.9499,81.1063,0,0.533861,33.9297,1,0,0,0,1,0,0,0,1,0,0,0,1920,1920,1920,1920,0.05
9.6,1,19.9552,81.4457,0,0.532571,33.9569,1,0,0,0,1,0,0,0,1,0,0,0,1922,1922,1922,1922,0.05
9.61,1,19.9605,81.7854,0,0.531291,33.9841,1,0,0,0,1,0,0,0,1,0,0,0,1924,1924,1924,1924,0.05
9.62,1,19.9658,82.1254,0,0.530019,34.0113,1,0,0,0,1,0,0,0,1,0,0,0,1926,1926,1926,1926,0.05
9.63,1,19.9711,82.4657,0,0.528756,34.0385,1,0,0,0,1,0,0,0,1,0,0,0,1928,1928,1928,1928,0.05
9.64,1,19.9764,82.8062,0,0.527502,34.0656,1,0,0,0,1,0,0,0,1,0,0,0,1930,1930,1930,1930,0.05
9.65,1,19.9817,83.147,0,0.526257,34.0928,1,0,0,0,1,0,0,0,1,0,0,0,1932,1932,1932,1932,0.05
9.66,1,19.9869,83.488,0,0.52502,34.1199,1,0,0,0,1,0,0,0,1,0,0,0,1934,1934,1934,1934,0.05
9.67,1,19.9922,83.8294,0,0.523792,34.147,1,0,0,0,1,0,0,0,1,0,0,0,1936,1936,1936,1936,0.05
9.68,1,19.9974,84.171,0,0.522572,34.1741,1,0,0,0,1,0,0,0,1,0,0,0,1938,1938,1938,1938,0.05
9.69,1,20.0026,84.5128,0,0.521361,34.2012,1,0,0,0,1,0,0,0,1,0,0,0,1940,1940,1940,1940,0.05
9.7,1,20.0078,84.855,0,0.520158,34.2283,1,0,0,0,1,0,0,0,1,0,0,0,1942,1942,1942,1942,0.05
9.71,1,20.013,85.1974,0,0.518963,34.2553,1,0,0,0,1,0,0,0,1,0,0,0,1944,1944,1944,1944,0.05
9.72,1,20.0182,85.5401,0,0.517776,34.2824,1,0,0,0,1,0,0,0,1,0,0,0,1946,1946,1946,1946,0.05
9.73,1,20.0234,85.8831,0,0.516597,34.3094,1,0,0,0,1,0,0,0,1,0,0,0,1948,1948,1948,1948,0.05
9.74,1,20.0285,86.2263,0,0.515426,34.3364,1,0,0,0,1,0,0,0,1,0,0,0,1950,1950,1950,1950,0.05
9.75,1,20.0337,86.5698,0,0.514262,34.3634,1,0,0,0,1,0,0,0,1,0,0,0,1952,1952,1952,1952,0.05
9.76,1,20.0388,86.9136,0,0.513106,34.3903,1,0,0,0,1,0,0,0,1,0,0,0,1954,1954,1954,1954,0.05
9.77,1,20.044,87.2576,0,0.511958,34.4173,1,0,0,0,1,0,0,0,1,0,0,0,1956,1956,1956,1956,0.05
9.78,1,20.0491,87.6019,0,0.510817,34.4442,1,0,0,0,1,0,0,0,1,0,0,0,1958,1958,1958,1958,0.05
9.79,1,20.0542,87.9465,0,0.509684,34.4712,1,0,0,0,1,0,0,0,1,0,0,0,1960,1960,1960,1960,0.05
9.8,1,20.0593,88.2913,0,0.508557,34.4981,1,0,0,0,1,0,0,0,1,0,0,0,1962,1962,1962,1962,0.05
9.81,1,20.0643,88.6364,0,0.507438,34.525,1,0,0,0,1,0,0,0,1,0,0,0,1964,1964,1964,1964,0.05
9.82,1,20.0694,88.9818,0,0.506327,34.5518,1,0,0,0,1,0,0,0,1,0,0,0,1966,1966,1966,1966,0.05
9.83,1,20.0745,89.3275,0,0.505222,34.5787,1,0,0,0,1,0,0,0,1,0,0,0,1968,1968,1968,1968,0.05
9.84,1,20.0795,89.6734,0,0.504124,34.6055,1,0,0,0,1,0,0,0,1,0,0,0,1970,1970,1970,1970,0.05
9.85,1,20.0845,90.0196,0,0.503033,34.6324,1,0,0,0,1,0,0,0,1,0,0,0,1972,1972,1972,1972,0.05
9.86,1,20.0896,90.366,0,0.501949,34.6592,1,0,0,0,1,0,0,0,1,0,0,0,1974,1974,1974,1974,0.05
9.87,1,20.0946,90.7128,0,0.500872,34.686,1,0,0,0,1,0,0,0,1,0,0,0,1976,1976,1976,1976,0.05
9.88,1,20.0996,91.0598,0,0.499801,34.7128,1,0,0,0,1,0,0,0,1,0,0,0,1978,1978,1978,1978,0.05
9.89,1,20.1046,91.407,0,0.498737,34.7395,1,0,0,0,1,0,0,0,1,0,0,0,1980,1980,1980,1980,0.05
9.9,1,20.1096,91.7546,0,0.497679,34.7663,1,0,0,0,1,0,0,0,1,0,0,0,1982,1982,1982,1982,0.05
9.91,1,20.1145,92.1024,0,0.496628,34.793,1,0,0,0,1,0,0,0,1,0,0,0,1984,1984,1984,1984,0.05
9.92,1,20.1195,92.4504,0,0.495583,34.8198,1,0,0,0,1,0,0,0,1,0,0,0,1986,1986,1986,1986,0.05
9.93,1,20.1245,92.7987,0,0.494544,34.8465,1,0,0,0,1,0,0,0,1,0,0,0,1988,1988,1988,1988,0.05
9.94,1,20.1294,93.1473,0,0.493512,34.8732,1,0,0,0,1,0,0,0,1,0,0,0,1990,1990,1990,1990,0.05
9.95,1,20.1343,93.4962,0,0.492485,34.8999,1,0,0,0,1,0,0,0,1,0,0,0,1992,1992,1992,1992,0.05
9.96,1,20.1392,93.8453,0,0.491465,34.9265,1,0,0,0,1,0,0,0,1,0,0,0,1994,1994,1994,1994,0.05
9.97,1,20.1441,94.1947,0,0.490451,34.9532,1,0,0,0,1,0,0,0,1,0,0,0,1996,1996,1996,1996,0.05
9.98,1,20.149,94.5444,0,0.489442,34.9798,1,0,0,0,1,0,0,0,1,0,0,0,1998,1998,1998,1998,0.05
9.99,1,20.1539,94.8943,0,0.48844,35.0064,1,0,0,0,1,0,0,0,1,0,0,0,2000,2000,2000,2000,0.05
